{
  "_format": "hh-sol-cache-2",
  "files": {
    "D:\\project\\persona\\contracts\\contracts\\BMImage721.sol": {
      "lastModificationDate": 1760780191938,
      "contentHash": "ebca3889467198fbfa2773c084ee6434",
      "sourceName": "contracts/BMImage721.sol",
      "solcConfig": {
        "version": "0.8.20",
        "settings": {
          "optimizer": {
            "enabled": true,
            "runs": 200
          },
          "evmVersion": "paris",
          "outputSelection": {
            "*": {
              "*": [
                "abi",
                "evm.bytecode",
                "evm.deployedBytecode",
                "evm.methodIdentifiers",
                "metadata"
              ],
              "": [
                "ast"
              ]
            }
          }
        }
      },
      "imports": [
        "@openzeppelin/contracts/token/ERC721/ERC721.sol",
        "@openzeppelin/contracts/token/ERC721/extensions/ERC721URIStorage.sol",
        "@openzeppelin/contracts/access/Ownable.sol",
        "@openzeppelin/contracts/utils/ReentrancyGuard.sol",
        "@openzeppelin/contracts/utils/cryptography/EIP712.sol",
        "@openzeppelin/contracts/utils/cryptography/ECDSA.sol"
      ],
      "versionPragmas": [
        "^0.8.20"
      ],
      "artifacts": [
        "BMImage721"
      ]
    },
    "D:\\project\\persona\\contracts\\node_modules\\@openzeppelin\\contracts\\utils\\cryptography\\EIP712.sol": {
      "lastModificationDate": 1760778876655,
      "contentHash": "33f2efa11c674f59f4b8365be7a58da9",
      "sourceName": "@openzeppelin/contracts/utils/cryptography/EIP712.sol",
      "solcConfig": {
        "version": "0.8.20",
        "settings": {
          "optimizer": {
            "enabled": true,
            "runs": 200
          },
          "evmVersion": "paris",
          "outputSelection": {
            "*": {
              "*": [
                "abi",
                "evm.bytecode",
                "evm.deployedBytecode",
                "evm.methodIdentifiers",
                "metadata"
              ],
              "": [
                "ast"
              ]
            }
          }
        }
      },
      "imports": [
        "./MessageHashUtils.sol",
        "../ShortStrings.sol",
        "../../interfaces/IERC5267.sol"
      ],
      "versionPragmas": [
        "^0.8.20"
      ],
      "artifacts": [
        "EIP712"
      ]
    },
    "D:\\project\\persona\\contracts\\node_modules\\@openzeppelin\\contracts\\utils\\ReentrancyGuard.sol": {
      "lastModificationDate": 1760778877873,
      "contentHash": "a92331adac11b453a4de0323fc948119",
      "sourceName": "@openzeppelin/contracts/utils/ReentrancyGuard.sol",
      "solcConfig": {
        "version": "0.8.20",
        "settings": {
          "optimizer": {
            "enabled": true,
            "runs": 200
          },
          "evmVersion": "paris",
          "outputSelection": {
            "*": {
              "*": [
                "abi",
                "evm.bytecode",
                "evm.deployedBytecode",
                "evm.methodIdentifiers",
                "metadata"
              ],
              "": [
                "ast"
              ]
            }
          }
        }
      },
      "imports": [],
      "versionPragmas": [
        "^0.8.20"
      ],
      "artifacts": [
        "ReentrancyGuard"
      ]
    },
    "D:\\project\\persona\\contracts\\node_modules\\@openzeppelin\\contracts\\access\\Ownable.sol": {
      "lastModificationDate": 1760778877872,
      "contentHash": "d3c790edc9ccf808a17c5a6cd13614fd",
      "sourceName": "@openzeppelin/contracts/access/Ownable.sol",
      "solcConfig": {
        "version": "0.8.20",
        "settings": {
          "optimizer": {
            "enabled": true,
            "runs": 200
          },
          "evmVersion": "paris",
          "outputSelection": {
            "*": {
              "*": [
                "abi",
                "evm.bytecode",
                "evm.deployedBytecode",
                "evm.methodIdentifiers",
                "metadata"
              ],
              "": [
                "ast"
              ]
            }
          }
        }
      },
      "imports": [
        "../utils/Context.sol"
      ],
      "versionPragmas": [
        "^0.8.20"
      ],
      "artifacts": [
        "Ownable"
      ]
    },
    "D:\\project\\persona\\contracts\\node_modules\\@openzeppelin\\contracts\\utils\\cryptography\\ECDSA.sol": {
      "lastModificationDate": 1760778876655,
      "contentHash": "b96e0d7a3c2b185342c7d083d765b61f",
      "sourceName": "@openzeppelin/contracts/utils/cryptography/ECDSA.sol",
      "solcConfig": {
        "version": "0.8.20",
        "settings": {
          "optimizer": {
            "enabled": true,
            "runs": 200
          },
          "evmVersion": "paris",
          "outputSelection": {
            "*": {
              "*": [
                "abi",
                "evm.bytecode",
                "evm.deployedBytecode",
                "evm.methodIdentifiers",
                "metadata"
              ],
              "": [
                "ast"
              ]
            }
          }
        }
      },
      "imports": [],
      "versionPragmas": [
        "^0.8.20"
      ],
      "artifacts": [
        "ECDSA"
      ]
    },
    "D:\\project\\persona\\contracts\\node_modules\\@openzeppelin\\contracts\\token\\ERC721\\ERC721.sol": {
      "lastModificationDate": 1760778876925,
      "contentHash": "1e64e2ad597dc5b2dae11346502baad4",
      "sourceName": "@openzeppelin/contracts/token/ERC721/ERC721.sol",
      "solcConfig": {
        "version": "0.8.20",
        "settings": {
          "optimizer": {
            "enabled": true,
            "runs": 200
          },
          "evmVersion": "paris",
          "outputSelection": {
            "*": {
              "*": [
                "abi",
                "evm.bytecode",
                "evm.deployedBytecode",
                "evm.methodIdentifiers",
                "metadata"
              ],
              "": [
                "ast"
              ]
            }
          }
        }
      },
      "imports": [
        "./IERC721.sol",
        "./IERC721Receiver.sol",
        "./extensions/IERC721Metadata.sol",
        "../../utils/Context.sol",
        "../../utils/Strings.sol",
        "../../utils/introspection/ERC165.sol",
        "../../interfaces/draft-IERC6093.sol"
      ],
      "versionPragmas": [
        "^0.8.20"
      ],
      "artifacts": [
        "ERC721"
      ]
    },
    "D:\\project\\persona\\contracts\\node_modules\\@openzeppelin\\contracts\\token\\ERC721\\extensions\\ERC721URIStorage.sol": {
      "lastModificationDate": 1760778876928,
      "contentHash": "50d770b698931f015309e77a750f54f6",
      "sourceName": "@openzeppelin/contracts/token/ERC721/extensions/ERC721URIStorage.sol",
      "solcConfig": {
        "version": "0.8.20",
        "settings": {
          "optimizer": {
            "enabled": true,
            "runs": 200
          },
          "evmVersion": "paris",
          "outputSelection": {
            "*": {
              "*": [
                "abi",
                "evm.bytecode",
                "evm.deployedBytecode",
                "evm.methodIdentifiers",
                "metadata"
              ],
              "": [
                "ast"
              ]
            }
          }
        }
      },
      "imports": [
        "../ERC721.sol",
        "../../../utils/Strings.sol",
        "../../../interfaces/IERC4906.sol",
        "../../../interfaces/IERC165.sol"
      ],
      "versionPragmas": [
        "^0.8.20"
      ],
      "artifacts": [
        "ERC721URIStorage"
      ]
    },
    "D:\\project\\persona\\contracts\\node_modules\\@openzeppelin\\contracts\\interfaces\\IERC5267.sol": {
      "lastModificationDate": 1760778877858,
      "contentHash": "94364524cb1a39dcbc3d3afff6d8e53e",
      "sourceName": "@openzeppelin/contracts/interfaces/IERC5267.sol",
      "solcConfig": {
        "version": "0.8.20",
        "settings": {
          "optimizer": {
            "enabled": true,
            "runs": 200
          },
          "evmVersion": "paris",
          "outputSelection": {
            "*": {
              "*": [
                "abi",
                "evm.bytecode",
                "evm.deployedBytecode",
                "evm.methodIdentifiers",
                "metadata"
              ],
              "": [
                "ast"
              ]
            }
          }
        }
      },
      "imports": [],
      "versionPragmas": [
        "^0.8.20"
      ],
      "artifacts": [
        "IERC5267"
      ]
    },
    "D:\\project\\persona\\contracts\\node_modules\\@openzeppelin\\contracts\\utils\\ShortStrings.sol": {
      "lastModificationDate": 1760778877873,
      "contentHash": "1b71929454f558e486d1f4f2471f29d4",
      "sourceName": "@openzeppelin/contracts/utils/ShortStrings.sol",
      "solcConfig": {
        "version": "0.8.20",
        "settings": {
          "optimizer": {
            "enabled": true,
            "runs": 200
          },
          "evmVersion": "paris",
          "outputSelection": {
            "*": {
              "*": [
                "abi",
                "evm.bytecode",
                "evm.deployedBytecode",
                "evm.methodIdentifiers",
                "metadata"
              ],
              "": [
                "ast"
              ]
            }
          }
        }
      },
      "imports": [
        "./StorageSlot.sol"
      ],
      "versionPragmas": [
        "^0.8.20"
      ],
      "artifacts": [
        "ShortStrings"
      ]
    },
    "D:\\project\\persona\\contracts\\node_modules\\@openzeppelin\\contracts\\utils\\cryptography\\MessageHashUtils.sol": {
      "lastModificationDate": 1760778877870,
      "contentHash": "9e5eec59eaffa554d6cca561dcb914eb",
      "sourceName": "@openzeppelin/contracts/utils/cryptography/MessageHashUtils.sol",
      "solcConfig": {
        "version": "0.8.20",
        "settings": {
          "optimizer": {
            "enabled": true,
            "runs": 200
          },
          "evmVersion": "paris",
          "outputSelection": {
            "*": {
              "*": [
                "abi",
                "evm.bytecode",
                "evm.deployedBytecode",
                "evm.methodIdentifiers",
                "metadata"
              ],
              "": [
                "ast"
              ]
            }
          }
        }
      },
      "imports": [
        "../Strings.sol"
      ],
      "versionPragmas": [
        "^0.8.20"
      ],
      "artifacts": [
        "MessageHashUtils"
      ]
    },
    "D:\\project\\persona\\contracts\\node_modules\\@openzeppelin\\contracts\\utils\\StorageSlot.sol": {
      "lastModificationDate": 1760778877873,
      "contentHash": "08cbccfefa284405c12b4bfa8c8c9c2b",
      "sourceName": "@openzeppelin/contracts/utils/StorageSlot.sol",
      "solcConfig": {
        "version": "0.8.20",
        "settings": {
          "optimizer": {
            "enabled": true,
            "runs": 200
          },
          "evmVersion": "paris",
          "outputSelection": {
            "*": {
              "*": [
                "abi",
                "evm.bytecode",
                "evm.deployedBytecode",
                "evm.methodIdentifiers",
                "metadata"
              ],
              "": [
                "ast"
              ]
            }
          }
        }
      },
      "imports": [],
      "versionPragmas": [
        "^0.8.20"
      ],
      "artifacts": [
        "StorageSlot"
      ]
    },
    "D:\\project\\persona\\contracts\\node_modules\\@openzeppelin\\contracts\\utils\\Strings.sol": {
      "lastModificationDate": 1760778877873,
      "contentHash": "ba57ff4ddf1d9cae9d2009792795b7f6",
      "sourceName": "@openzeppelin/contracts/utils/Strings.sol",
      "solcConfig": {
        "version": "0.8.20",
        "settings": {
          "optimizer": {
            "enabled": true,
            "runs": 200
          },
          "evmVersion": "paris",
          "outputSelection": {
            "*": {
              "*": [
                "abi",
                "evm.bytecode",
                "evm.deployedBytecode",
                "evm.methodIdentifiers",
                "metadata"
              ],
              "": [
                "ast"
              ]
            }
          }
        }
      },
      "imports": [
        "./math/Math.sol",
        "./math/SignedMath.sol"
      ],
      "versionPragmas": [
        "^0.8.20"
      ],
      "artifacts": [
        "Strings"
      ]
    },
    "D:\\project\\persona\\contracts\\node_modules\\@openzeppelin\\contracts\\utils\\math\\SignedMath.sol": {
      "lastModificationDate": 1760778877873,
      "contentHash": "b6c6bdc7aaca4fe5b680760a72e09d3e",
      "sourceName": "@openzeppelin/contracts/utils/math/SignedMath.sol",
      "solcConfig": {
        "version": "0.8.20",
        "settings": {
          "optimizer": {
            "enabled": true,
            "runs": 200
          },
          "evmVersion": "paris",
          "outputSelection": {
            "*": {
              "*": [
                "abi",
                "evm.bytecode",
                "evm.deployedBytecode",
                "evm.methodIdentifiers",
                "metadata"
              ],
              "": [
                "ast"
              ]
            }
          }
        }
      },
      "imports": [],
      "versionPragmas": [
        "^0.8.20"
      ],
      "artifacts": [
        "SignedMath"
      ]
    },
    "D:\\project\\persona\\contracts\\node_modules\\@openzeppelin\\contracts\\utils\\math\\Math.sol": {
      "lastModificationDate": 1760778877870,
      "contentHash": "718fa8ba0ff269c92e364c1429d9de57",
      "sourceName": "@openzeppelin/contracts/utils/math/Math.sol",
      "solcConfig": {
        "version": "0.8.20",
        "settings": {
          "optimizer": {
            "enabled": true,
            "runs": 200
          },
          "evmVersion": "paris",
          "outputSelection": {
            "*": {
              "*": [
                "abi",
                "evm.bytecode",
                "evm.deployedBytecode",
                "evm.methodIdentifiers",
                "metadata"
              ],
              "": [
                "ast"
              ]
            }
          }
        }
      },
      "imports": [],
      "versionPragmas": [
        "^0.8.20"
      ],
      "artifacts": [
        "Math"
      ]
    },
    "D:\\project\\persona\\contracts\\node_modules\\@openzeppelin\\contracts\\utils\\Context.sol": {
      "lastModificationDate": 1760778876655,
      "contentHash": "67bfbc07588eb8683b3fd8f6f909563e",
      "sourceName": "@openzeppelin/contracts/utils/Context.sol",
      "solcConfig": {
        "version": "0.8.20",
        "settings": {
          "optimizer": {
            "enabled": true,
            "runs": 200
          },
          "evmVersion": "paris",
          "outputSelection": {
            "*": {
              "*": [
                "abi",
                "evm.bytecode",
                "evm.deployedBytecode",
                "evm.methodIdentifiers",
                "metadata"
              ],
              "": [
                "ast"
              ]
            }
          }
        }
      },
      "imports": [],
      "versionPragmas": [
        "^0.8.20"
      ],
      "artifacts": [
        "Context"
      ]
    },
    "D:\\project\\persona\\contracts\\node_modules\\@openzeppelin\\contracts\\interfaces\\draft-IERC6093.sol": {
      "lastModificationDate": 1760778876655,
      "contentHash": "4aefc698f77ecbace7f401257dfe182d",
      "sourceName": "@openzeppelin/contracts/interfaces/draft-IERC6093.sol",
      "solcConfig": {
        "version": "0.8.20",
        "settings": {
          "optimizer": {
            "enabled": true,
            "runs": 200
          },
          "evmVersion": "paris",
          "outputSelection": {
            "*": {
              "*": [
                "abi",
                "evm.bytecode",
                "evm.deployedBytecode",
                "evm.methodIdentifiers",
                "metadata"
              ],
              "": [
                "ast"
              ]
            }
          }
        }
      },
      "imports": [],
      "versionPragmas": [
        "^0.8.20"
      ],
      "artifacts": [
        "IERC1155Errors",
        "IERC20Errors",
        "IERC721Errors"
      ]
    },
    "D:\\project\\persona\\contracts\\node_modules\\@openzeppelin\\contracts\\utils\\introspection\\ERC165.sol": {
      "lastModificationDate": 1760778876835,
      "contentHash": "6a55c353946e471d9792965d06208295",
      "sourceName": "@openzeppelin/contracts/utils/introspection/ERC165.sol",
      "solcConfig": {
        "version": "0.8.20",
        "settings": {
          "optimizer": {
            "enabled": true,
            "runs": 200
          },
          "evmVersion": "paris",
          "outputSelection": {
            "*": {
              "*": [
                "abi",
                "evm.bytecode",
                "evm.deployedBytecode",
                "evm.methodIdentifiers",
                "metadata"
              ],
              "": [
                "ast"
              ]
            }
          }
        }
      },
      "imports": [
        "./IERC165.sol"
      ],
      "versionPragmas": [
        "^0.8.20"
      ],
      "artifacts": [
        "ERC165"
      ]
    },
    "D:\\project\\persona\\contracts\\node_modules\\@openzeppelin\\contracts\\token\\ERC721\\IERC721.sol": {
      "lastModificationDate": 1760778877865,
      "contentHash": "5df8fdb527e563085847cad29e3c5f2e",
      "sourceName": "@openzeppelin/contracts/token/ERC721/IERC721.sol",
      "solcConfig": {
        "version": "0.8.20",
        "settings": {
          "optimizer": {
            "enabled": true,
            "runs": 200
          },
          "evmVersion": "paris",
          "outputSelection": {
            "*": {
              "*": [
                "abi",
                "evm.bytecode",
                "evm.deployedBytecode",
                "evm.methodIdentifiers",
                "metadata"
              ],
              "": [
                "ast"
              ]
            }
          }
        }
      },
      "imports": [
        "../../utils/introspection/IERC165.sol"
      ],
      "versionPragmas": [
        "^0.8.20"
      ],
      "artifacts": [
        "IERC721"
      ]
    },
    "D:\\project\\persona\\contracts\\node_modules\\@openzeppelin\\contracts\\token\\ERC721\\IERC721Receiver.sol": {
      "lastModificationDate": 1760778877867,
      "contentHash": "fc8a9841f4bdd6329c26a00d5e75f4b3",
      "sourceName": "@openzeppelin/contracts/token/ERC721/IERC721Receiver.sol",
      "solcConfig": {
        "version": "0.8.20",
        "settings": {
          "optimizer": {
            "enabled": true,
            "runs": 200
          },
          "evmVersion": "paris",
          "outputSelection": {
            "*": {
              "*": [
                "abi",
                "evm.bytecode",
                "evm.deployedBytecode",
                "evm.methodIdentifiers",
                "metadata"
              ],
              "": [
                "ast"
              ]
            }
          }
        }
      },
      "imports": [],
      "versionPragmas": [
        "^0.8.20"
      ],
      "artifacts": [
        "IERC721Receiver"
      ]
    },
    "D:\\project\\persona\\contracts\\node_modules\\@openzeppelin\\contracts\\token\\ERC721\\extensions\\IERC721Metadata.sol": {
      "lastModificationDate": 1760778877866,
      "contentHash": "12c206f185cb951213799561fdcaa40d",
      "sourceName": "@openzeppelin/contracts/token/ERC721/extensions/IERC721Metadata.sol",
      "solcConfig": {
        "version": "0.8.20",
        "settings": {
          "optimizer": {
            "enabled": true,
            "runs": 200
          },
          "evmVersion": "paris",
          "outputSelection": {
            "*": {
              "*": [
                "abi",
                "evm.bytecode",
                "evm.deployedBytecode",
                "evm.methodIdentifiers",
                "metadata"
              ],
              "": [
                "ast"
              ]
            }
          }
        }
      },
      "imports": [
        "../IERC721.sol"
      ],
      "versionPragmas": [
        "^0.8.20"
      ],
      "artifacts": [
        "IERC721Metadata"
      ]
    },
    "D:\\project\\persona\\contracts\\node_modules\\@openzeppelin\\contracts\\utils\\introspection\\IERC165.sol": {
      "lastModificationDate": 1760778877212,
      "contentHash": "de0163561b417b800d01749cbbe2147e",
      "sourceName": "@openzeppelin/contracts/utils/introspection/IERC165.sol",
      "solcConfig": {
        "version": "0.8.20",
        "settings": {
          "optimizer": {
            "enabled": true,
            "runs": 200
          },
          "evmVersion": "paris",
          "outputSelection": {
            "*": {
              "*": [
                "abi",
                "evm.bytecode",
                "evm.deployedBytecode",
                "evm.methodIdentifiers",
                "metadata"
              ],
              "": [
                "ast"
              ]
            }
          }
        }
      },
      "imports": [],
      "versionPragmas": [
        "^0.8.20"
      ],
      "artifacts": [
        "IERC165"
      ]
    },
    "D:\\project\\persona\\contracts\\node_modules\\@openzeppelin\\contracts\\interfaces\\IERC165.sol": {
      "lastModificationDate": 1760778877212,
      "contentHash": "f808b485ee0cdc6768ee8385ae5f9a2a",
      "sourceName": "@openzeppelin/contracts/interfaces/IERC165.sol",
      "solcConfig": {
        "version": "0.8.20",
        "settings": {
          "optimizer": {
            "enabled": true,
            "runs": 200
          },
          "evmVersion": "paris",
          "outputSelection": {
            "*": {
              "*": [
                "abi",
                "evm.bytecode",
                "evm.deployedBytecode",
                "evm.methodIdentifiers",
                "metadata"
              ],
              "": [
                "ast"
              ]
            }
          }
        }
      },
      "imports": [
        "../utils/introspection/IERC165.sol"
      ],
      "versionPragmas": [
        "^0.8.20"
      ],
      "artifacts": []
    },
    "D:\\project\\persona\\contracts\\node_modules\\@openzeppelin\\contracts\\interfaces\\IERC4906.sol": {
      "lastModificationDate": 1760778877858,
      "contentHash": "7f130e0d70179d683e9b9df0dda38a51",
      "sourceName": "@openzeppelin/contracts/interfaces/IERC4906.sol",
      "solcConfig": {
        "version": "0.8.20",
        "settings": {
          "optimizer": {
            "enabled": true,
            "runs": 200
          },
          "evmVersion": "paris",
          "outputSelection": {
            "*": {
              "*": [
                "abi",
                "evm.bytecode",
                "evm.deployedBytecode",
                "evm.methodIdentifiers",
                "metadata"
              ],
              "": [
                "ast"
              ]
            }
          }
        }
      },
      "imports": [
        "./IERC165.sol",
        "./IERC721.sol"
      ],
      "versionPragmas": [
        "^0.8.20"
      ],
      "artifacts": [
        "IERC4906"
      ]
    },
    "D:\\project\\persona\\contracts\\node_modules\\@openzeppelin\\contracts\\interfaces\\IERC721.sol": {
      "lastModificationDate": 1760778877864,
      "contentHash": "d8d23fc2f55ed934d1a1b91c9afd8526",
      "sourceName": "@openzeppelin/contracts/interfaces/IERC721.sol",
      "solcConfig": {
        "version": "0.8.20",
        "settings": {
          "optimizer": {
            "enabled": true,
            "runs": 200
          },
          "evmVersion": "paris",
          "outputSelection": {
            "*": {
              "*": [
                "abi",
                "evm.bytecode",
                "evm.deployedBytecode",
                "evm.methodIdentifiers",
                "metadata"
              ],
              "": [
                "ast"
              ]
            }
          }
        }
      },
      "imports": [
        "../token/ERC721/IERC721.sol"
      ],
      "versionPragmas": [
        "^0.8.20"
      ],
      "artifacts": []
    },
    "D:\\project\\persona\\contracts\\node_modules\\@openzeppelin\\contracts\\token\\ERC1155\\IERC1155.sol": {
      "lastModificationDate": 1760778877197,
      "contentHash": "d70aa5aeb17749b65a9bde4cce2bd72c",
      "sourceName": "@openzeppelin/contracts/token/ERC1155/IERC1155.sol",
      "solcConfig": {
        "version": "0.8.20",
        "settings": {
          "optimizer": {
            "enabled": true,
            "runs": 200
          },
          "evmVersion": "paris",
          "outputSelection": {
            "*": {
              "*": [
                "abi",
                "evm.bytecode",
                "evm.deployedBytecode",
                "evm.methodIdentifiers",
                "metadata"
              ],
              "": [
                "ast"
              ]
            }
          }
        }
      },
      "imports": [
        "../../utils/introspection/IERC165.sol"
      ],
      "versionPragmas": [
        "^0.8.20"
      ],
      "artifacts": [
        "IERC1155"
      ]
    },
    "D:\\project\\persona\\contracts\\node_modules\\@openzeppelin\\contracts\\token\\ERC1155\\extensions\\IERC1155MetadataURI.sol": {
      "lastModificationDate": 1760778877212,
      "contentHash": "96903941ac1966aa14e08bd4ab3c264e",
      "sourceName": "@openzeppelin/contracts/token/ERC1155/extensions/IERC1155MetadataURI.sol",
      "solcConfig": {
        "version": "0.8.20",
        "settings": {
          "optimizer": {
            "enabled": true,
            "runs": 200
          },
          "evmVersion": "paris",
          "outputSelection": {
            "*": {
              "*": [
                "abi",
                "evm.bytecode",
                "evm.deployedBytecode",
                "evm.methodIdentifiers",
                "metadata"
              ],
              "": [
                "ast"
              ]
            }
          }
        }
      },
      "imports": [
        "../IERC1155.sol"
      ],
      "versionPragmas": [
        "^0.8.20"
      ],
      "artifacts": [
        "IERC1155MetadataURI"
      ]
    },
    "D:\\project\\persona\\contracts\\node_modules\\@openzeppelin\\contracts\\token\\ERC1155\\ERC1155.sol": {
      "lastModificationDate": 1760778876816,
      "contentHash": "917e6b867a0e67cd81ca4eb34336ca35",
      "sourceName": "@openzeppelin/contracts/token/ERC1155/ERC1155.sol",
      "solcConfig": {
        "version": "0.8.20",
        "settings": {
          "optimizer": {
            "enabled": true,
            "runs": 200
          },
          "evmVersion": "paris",
          "outputSelection": {
            "*": {
              "*": [
                "abi",
                "evm.bytecode",
                "evm.deployedBytecode",
                "evm.methodIdentifiers",
                "metadata"
              ],
              "": [
                "ast"
              ]
            }
          }
        }
      },
      "imports": [
        "./IERC1155.sol",
        "./IERC1155Receiver.sol",
        "./extensions/IERC1155MetadataURI.sol",
        "../../utils/Context.sol",
        "../../utils/introspection/ERC165.sol",
        "../../utils/Arrays.sol",
        "../../interfaces/draft-IERC6093.sol"
      ],
      "versionPragmas": [
        "^0.8.20"
      ],
      "artifacts": [
        "ERC1155"
      ]
    },
    "D:\\project\\persona\\contracts\\node_modules\\@openzeppelin\\contracts\\utils\\Arrays.sol": {
      "lastModificationDate": 1760778875892,
      "contentHash": "fabe6fe8d403b4f72dec1dc585ab1c7a",
      "sourceName": "@openzeppelin/contracts/utils/Arrays.sol",
      "solcConfig": {
        "version": "0.8.20",
        "settings": {
          "optimizer": {
            "enabled": true,
            "runs": 200
          },
          "evmVersion": "paris",
          "outputSelection": {
            "*": {
              "*": [
                "abi",
                "evm.bytecode",
                "evm.deployedBytecode",
                "evm.methodIdentifiers",
                "metadata"
              ],
              "": [
                "ast"
              ]
            }
          }
        }
      },
      "imports": [
        "./StorageSlot.sol",
        "./math/Math.sol"
      ],
      "versionPragmas": [
        "^0.8.20"
      ],
      "artifacts": [
        "Arrays"
      ]
    },
    "D:\\project\\persona\\contracts\\node_modules\\@openzeppelin\\contracts\\token\\ERC1155\\IERC1155Receiver.sol": {
      "lastModificationDate": 1760778877212,
      "contentHash": "d14616defa6d417fafa47e416e3cec73",
      "sourceName": "@openzeppelin/contracts/token/ERC1155/IERC1155Receiver.sol",
      "solcConfig": {
        "version": "0.8.20",
        "settings": {
          "optimizer": {
            "enabled": true,
            "runs": 200
          },
          "evmVersion": "paris",
          "outputSelection": {
            "*": {
              "*": [
                "abi",
                "evm.bytecode",
                "evm.deployedBytecode",
                "evm.methodIdentifiers",
                "metadata"
              ],
              "": [
                "ast"
              ]
            }
          }
        }
      },
      "imports": [
        "../../utils/introspection/IERC165.sol"
      ],
      "versionPragmas": [
        "^0.8.20"
      ],
      "artifacts": [
        "IERC1155Receiver"
      ]
    },
    "D:\\project\\persona\\contracts\\node_modules\\@openzeppelin\\contracts\\utils\\Pausable.sol": {
      "lastModificationDate": 1760778877873,
      "contentHash": "24e52f6ef3868e6fca664a423140bee9",
      "sourceName": "@openzeppelin/contracts/utils/Pausable.sol",
      "solcConfig": {
        "version": "0.8.20",
        "settings": {
          "optimizer": {
            "enabled": true,
            "runs": 200
          },
          "evmVersion": "paris",
          "outputSelection": {
            "*": {
              "*": [
                "abi",
                "evm.bytecode",
                "evm.deployedBytecode",
                "evm.methodIdentifiers",
                "metadata"
              ],
              "": [
                "ast"
              ]
            }
          }
        }
      },
      "imports": [
        "../utils/Context.sol"
      ],
      "versionPragmas": [
        "^0.8.20"
      ],
      "artifacts": [
        "Pausable"
      ]
    },
    "D:\\project\\persona\\contracts\\contracts\\BMStreak1155.sol": {
      "lastModificationDate": 1760780181636,
      "contentHash": "1a058d7663766c9a0bfd0033116c0a61",
      "sourceName": "contracts/BMStreak1155.sol",
      "solcConfig": {
        "version": "0.8.20",
        "settings": {
          "optimizer": {
            "enabled": true,
            "runs": 200
          },
          "evmVersion": "paris",
          "outputSelection": {
            "*": {
              "*": [
                "abi",
                "evm.bytecode",
                "evm.deployedBytecode",
                "evm.methodIdentifiers",
                "metadata"
              ],
              "": [
                "ast"
              ]
            }
          }
        }
      },
      "imports": [
        "@openzeppelin/contracts/token/ERC1155/ERC1155.sol",
        "@openzeppelin/contracts/access/Ownable.sol",
        "@openzeppelin/contracts/utils/Pausable.sol"
      ],
      "versionPragmas": [
        "^0.8.20"
      ],
      "artifacts": [
        "BMStreak1155"
      ]
    }
  }
}
