ym,chain,wallet,tx_count,tx_inbound,tx_outbound,failed_txs,erc20_transfers,stablecoin_txs,dex_trades,bridge_txs,nft_transfers,nft_mints,contracts_interacted,unique_days_active,has_contract_deploys,gas_used,avg_gas_price_gwei,fee_eth,fee_usd,avg_fee_per_tx_eth,avg_fee_per_tx_usd,eth_price_usd,activity_score,defi_score,nft_score,rank_tx_count,rank_fee_usd,rank_activity,pct_tx_count,pct_fee_usd,pct_activity,updated_at
2023-07,base,0x38d9d7338843744c280decb3c3af2a1463eada5e,31,10,31,0,7,7,1,0,3,1,3,12,0,1209744,19.889,0.024060549635667786,50.52715423490235,0.0007761467624408964,1.629908201125882,2100.0,65.5,11.4,11.0,10,10,10,0.1,0.1,0.1,1761297019
2023-07,base,0xe9d083cd21737a11a212f2df7c6417f3454e51a3,44,12,44,0,18,11,8,0,4,0,5,14,0,1938816,15.227,0.02952303483846647,61.998373160779586,0.0006709780645106016,1.4090539354722633,2100.0,100.9,37.2,8.0,9,8,9,0.2,0.3,0.2,1761297019
2023-07,base,0x96c5eb96c50852d1cde67e25e58f74a0104dc2a2,266,94,266,3,92,62,48,5,22,3,31,30,0,10801196,21.645,0.2337903910612386,490.9598212286011,0.0008789112445911227,1.8457136136413574,2100.0,570.5999999999999,238.39999999999998,59.0,2,1,2,0.9,1.0,0.9,1761297019
2023-07,base,0x439447dacc7b35a97f4be3628b3df60198e87d91,59,2,59,1,18,11,12,1,3,1,7,22,0,2424841,17.118,0.04150837427043175,87.16758596790667,0.0007035317672954534,1.4774167113204522,2100.0,134.0,53.2,11.0,8,7,8,0.3,0.4,0.3,1761297019
2023-07,base,0xb01232c659ed72d8546d7ab37077154facac0f6c,68,4,68,2,24,14,9,1,6,1,7,22,0,2660024,20.841,0.055438602309469245,116.42106484988541,0.0008152735633745477,1.7120744830865502,2100.0,149.1,47.8,17.0,6,3,6,0.5,0.8,0.5,1761297019
2023-07,base,0x61fe846add1f52c7bba55f328af7f7cf2b82dc9d,63,14,63,0,21,13,12,1,5,1,7,24,0,2502108,10.334,0.025855692977720893,54.29695525321387,0.00041040782504318877,0.8618564325906964,2100.0,147.9,55.6,15.0,7,9,7,0.4,0.2,0.4,1761297019
2023-07,base,0x8539b4638c357605daf77d1c41f7bc90d6ee48ef,81,1,81,0,29,19,13,1,6,1,9,28,0,3605472,14.091,0.05080582555925028,106.69223367442558,0.0006272324143117318,1.3171880700546368,2100.0,182.29999999999998,65.8,17.0,4,4,4,0.7,0.7,0.7,1761297019
2023-07,base,0x01bdaa13691ed7b345301de7ccd81f2d9983bdf5,392,124,392,5,138,87,71,8,30,4,46,30,0,15841504,8.764,0.13884187389829888,291.56793518642763,0.00035418845382219105,0.7437957530266011,2100.0,821.5,349.4,80.0,1,2,1,1.0,0.9,1.0,1761297019
2023-07,base,0x527d831f4f3d5690f465d3c3e61db75e2635846c,82,3,82,1,25,17,14,2,7,0,10,30,0,3410708,14.305,0.048789613878806724,102.45818914549412,0.0005949952912049601,1.249490111530416,2100.0,183.3,70.4,14.0,3,5,3,0.8,0.6,0.8,1761297019
2023-07,base,0xb09540a4dd99d83750f2bee01c6434fa3c7714f5,73,13,73,1,20,16,11,0,6,1,8,26,0,3026288,14.803,0.04479881268422958,94.07750663688212,0.0006136823655373915,1.2887329676285222,2100.0,162.1,52.2,17.0,5,6,5,0.6,0.5,0.6,1761297019
2023-08,base,0x38d9d7338843744c280decb3c3af2a1463eada5e,49,1,49,0,17,13,10,1,4,1,4,19,0,1928836,9.117,0.017584366989460396,39.803926490601214,0.00035886463243796726,0.8123250304204329,2263.597348398076,117.3,49.6,13.0,9,9,8,0.2,0.2,0.3,1761297019
2023-08,base,0xe9d083cd21737a11a212f2df7c6417f3454e51a3,44,11,44,0,14,13,8,1,0,0,8,15,0,2002088,17.339,0.03471331753110523,78.57697351751024,0.0007889390347978461,1.7858403072161417,2263.597348398076,93.3,43.6,0.0,10,8,10,0.1,0.3,0.1,1761297019
2023-08,base,0x96c5eb96c50852d1cde67e25e58f74a0104dc2a2,347,43,347,4,120,76,64,7,26,3,40,30,0,13487196,17.403,0.23472352320240103,531.3195447276092,0.0006764366662893401,1.5311802441717846,2263.597348398076,725.4,311.2,67.0,2,2,2,0.9,0.9,0.9,1761297019
2023-08,base,0x439447dacc7b35a97f4be3628b3df60198e87d91,50,16,50,1,17,9,6,0,5,0,8,17,0,2231900,20.658,0.04610628903717014,104.36607360901361,0.0009221257807434027,2.0873214721802724,2263.597348398076,110.8,28.799999999999997,10.0,8,6,9,0.3,0.5,0.2,1761297019
2023-08,base,0xb01232c659ed72d8546d7ab37077154facac0f6c,64,6,64,2,21,11,12,1,5,0,6,21,0,2888512,15.407,0.04450275085685845,100.73630883600501,0.0006953554821384133,1.5740048255625783,2263.597348398076,138.5,53.2,10.0,6,7,6,0.5,0.4,0.5,1761297019
2023-08,base,0x61fe846add1f52c7bba55f328af7f7cf2b82dc9d,56,11,56,0,23,15,12,1,4,0,6,18,0,2547664,24.618,0.06271922952436829,141.97108164493036,0.0011199862415065766,2.5351978865166136,2263.597348398076,128.8,58.0,8.0,7,3,7,0.4,0.8,0.4,1761297019
2023-08,base,0x8539b4638c357605daf77d1c41f7bc90d6ee48ef,80,4,80,1,26,16,12,1,9,0,9,27,0,3132080,16.453,0.0515318758760441,116.64741759099222,0.0006441484484505513,1.4580927198874027,2263.597348398076,179.70000000000002,59.2,18.0,4,4,4,0.7,0.7,0.7,1761297019
2023-08,base,0x01bdaa13691ed7b345301de7ccd81f2d9983bdf5,353,103,353,5,117,76,61,6,28,3,43,30,0,15500583,18.443,0.2858706015461744,647.0959356448833,0.0008098317324254232,1.8331329621668082,2263.597348398076,734.1999999999999,298.2,71.0,1,1,1,1.0,1.0,1.0,1761297019
2023-08,base,0x527d831f4f3d5690f465d3c3e61db75e2635846c,71,11,71,1,23,14,15,1,7,1,8,25,0,3013311,16.452,0.049576345271834354,112.22088370059174,0.000698258384110343,1.5805758267688979,2263.597348398076,170.79999999999998,65.8,19.0,5,5,5,0.6,0.6,0.6,1761297019
2023-08,base,0xb09540a4dd99d83750f2bee01c6434fa3c7714f5,84,13,84,0,36,17,14,0,10,0,10,30,0,3265332,5.264,0.017187254089727093,38.90502278375023,0.00020461016773484634,0.4631550331398837,2263.597348398076,199.20000000000002,62.4,20.0,3,10,3,0.8,0.1,0.8,1761297019
2023-09,base,0x38d9d7338843744c280decb3c3af2a1463eada5e,39,8,39,0,10,5,6,0,2,0,6,14,0,1555827,30.525,0.04749214169358897,114.41735070974917,0.0012177472229125377,2.9337782233269016,2409.1849015348685,81.8,24.0,4.0,10,7,10,0.1,0.4,0.1,1761297019
2023-09,base,0xe9d083cd21737a11a212f2df7c6417f3454e51a3,59,1,59,0,19,14,8,1,5,2,7,19,0,2376343,14.809,0.03519157545361006,84.78301224406245,0.0005964673805696621,1.4370002075264823,2409.1849015348685,137.0,44.8,20.0,7,8,7,0.4,0.3,0.4,1761297019
2023-09,base,0x96c5eb96c50852d1cde67e25e58f74a0104dc2a2,366,6,366,4,128,81,67,7,28,4,43,30,0,16470000,15.514,0.25550844862064914,615.5670966314656,0.0006981105153569648,1.6818773132007256,2409.1849015348685,771.1,326.2,76.0,1,2,2,1.0,0.9,0.9,1761297019
2023-09,base,0x439447dacc7b35a97f4be3628b3df60198e87d91,55,5,55,1,23,12,7,1,5,0,7,20,0,2133560,10.448,0.022291107544803235,53.70339973542995,0.0004052928644509679,0.9764254497350899,2409.1849015348685,122.0,39.4,10.0,8,10,8,0.3,0.1,0.3,1761297019
2023-09,base,0xb01232c659ed72d8546d7ab37077154facac0f6c,48,18,48,0,17,10,8,0,3,0,7,19,0,2001696,17.48,0.034989585925903545,84.29638212364375,0.0007289497067896572,1.7561746275759116,2409.1849015348685,107.6,36.0,6.0,9,9,9,0.2,0.2,0.2,1761297019
2023-09,base,0x61fe846add1f52c7bba55f328af7f7cf2b82dc9d,64,3,64,0,17,13,8,1,5,2,7,21,0,2783040,18.913,0.05263640422330734,126.81083032587823,0.0008224438159891772,1.9814192238418473,2409.1849015348685,142.2,43.6,20.0,6,6,6,0.5,0.5,0.5,1761297019
2023-09,base,0x8539b4638c357605daf77d1c41f7bc90d6ee48ef,71,13,71,1,28,15,13,1,6,2,8,23,0,2861655,19.912,0.056980563845656064,137.27671409789818,0.0008025431527557192,1.9334748464492701,2409.1849015348685,169.79999999999998,61.0,22.0,4,4,4,0.7,0.7,0.7,1761297019
2023-09,base,0x01bdaa13691ed7b345301de7ccd81f2d9983bdf5,359,145,359,5,125,75,68,7,31,5,43,30,0,16395889,19.188,0.3145988919861281,757.9269006125788,0.0008763200333875435,2.1112169933498017,2409.1849015348685,776.0,322.0,87.0,2,1,1,0.9,1.0,1.0,1761297019
2023-09,base,0x527d831f4f3d5690f465d3c3e61db75e2635846c,70,26,70,1,21,17,11,1,5,0,9,24,0,2920890,18.069,0.052778879978211235,127.15408076342747,0.0007539839996887319,1.8164868680489639,2409.1849015348685,152.00000000000003,57.4,10.0,5,5,5,0.6,0.6,0.6,1761297019
2023-09,base,0xb09540a4dd99d83750f2bee01c6434fa3c7714f5,79,15,79,1,21,18,11,2,5,1,10,29,0,3491326,17.164,0.0599264814326671,144.37397426969122,0.0007585630561097102,1.827518661641661,2409.1849015348685,171.4,62.599999999999994,15.0,3,3,3,0.8,0.8,0.8,1761297019
2023-10,base,0x38d9d7338843744c280decb3c3af2a1463eada5e,41,14,41,1,15,11,7,1,1,0,3,15,0,1683706,11.889,0.02001715956194092,50.457964564897544,0.00048822340394977855,1.2306820625584767,2520.7354924039482,82.9,38.2,2.0,9,9,10,0.2,0.2,0.1,1761297019
2023-10,base,0xe9d083cd21737a11a212f2df7c6417f3454e51a3,39,14,39,0,16,9,8,1,3,1,7,16,0,1680744,13.712,0.023045526138079506,58.091675677379904,0.0005909109266174232,1.4895301455738437,2520.7354924039482,100.7,38.8,11.0,10,8,9,0.1,0.3,0.2,1761297019
2023-10,base,0x96c5eb96c50852d1cde67e25e58f74a0104dc2a2,365,1,365,4,131,81,62,6,25,2,44,30,0,16151250,16.272,0.26280939173018203,662.4729614713625,0.000720025730767622,1.8149944149900343,2520.7354924039482,743.8,307.2,60.0,2,2,2,0.9,0.9,0.9,1761297019
2023-10,base,0x439447dacc7b35a97f4be3628b3df60198e87d91,62,6,62,1,23,14,12,1,6,1,6,21,0,2426928,14.031,0.034052940621876825,85.83845604628908,0.0005492409777722068,1.3844912265530498,2520.7354924039482,146.99999999999997,56.8,17.0,6,6,5,0.5,0.5,0.6,1761297019
2023-10,base,0xb01232c659ed72d8546d7ab37077154facac0f6c,52,15,52,1,17,8,5,0,3,1,3,17,0,1999764,16.989,0.03397389142712183,85.63919393542422,0.0006533440659061891,1.646907575681235,2520.7354924039482,101.9,24.6,11.0,8,7,8,0.3,0.4,0.3,1761297019
2023-10,base,0x61fe846add1f52c7bba55f328af7f7cf2b82dc9d,62,18,62,0,25,12,11,0,4,1,5,20,0,2451728,24.604,0.060321945883124575,152.05566995846235,0.0009729346110181383,2.452510805781651,2520.7354924039482,137.3,47.4,13.0,6,3,7,0.5,0.8,0.4,1761297019
2023-10,base,0x8539b4638c357605daf77d1c41f7bc90d6ee48ef,67,17,67,0,24,16,11,0,3,0,7,25,0,2644356,18.139,0.04796716927097125,120.91254605148525,0.0007159278995667351,1.8046648664400784,2520.7354924039482,142.0,52.2,6.0,5,5,6,0.6,0.6,0.5,1761297019
2023-10,base,0x01bdaa13691ed7b345301de7ccd81f2d9983bdf5,383,103,383,6,135,86,68,6,31,5,45,30,0,17435692,17.744,0.3093768173280792,779.8571239658621,0.0008077723690028178,2.0361804803286216,2520.7354924039482,810.9,331.2,87.0,1,1,1,1.0,1.0,1.0,1761297019
2023-10,base,0x527d831f4f3d5690f465d3c3e61db75e2635846c,81,15,81,0,34,18,16,1,6,1,9,30,0,3344814,5.635,0.01884830390764112,47.511588631607,0.00023269510997087802,0.5865628226124321,2520.7354924039482,191.29999999999998,73.6,17.0,4,10,4,0.7,0.1,0.7,1761297019
2023-10,base,0xb09540a4dd99d83750f2bee01c6434fa3c7714f5,87,10,87,1,29,19,17,1,6,2,10,30,0,3756921,14.304,0.0537378993873399,135.45903027290007,0.0006176770044521828,1.5570003479643686,2520.7354924039482,203.7,77.8,22.0,3,4,3,0.8,0.7,0.8,1761297019
2023-11,base,0x38d9d7338843744c280decb3c3af2a1463eada5e,40,9,40,0,10,8,7,1,3,3,5,16,0,1681160,18.152,0.030515587163125402,78.91236091566202,0.0007628896790781351,1.9728090228915505,2585.968950681656,103.9,34.6,21.0,10,8,9,0.1,0.3,0.2,1761297019
2023-11,base,0xe9d083cd21737a11a212f2df7c6417f3454e51a3,41,15,41,0,16,8,6,1,5,1,5,13,0,1801581,8.525,0.01535793007209221,39.71513031317054,0.00037458366029493196,0.968661714955379,2585.968950681656,99.2,31.6,15.0,9,10,10,0.2,0.1,0.1,1761297019
2023-11,base,0x96c5eb96c50852d1cde67e25e58f74a0104dc2a2,315,45,315,5,112,74,50,6,23,1,38,30,0,12753405,14.513,0.18509505369777582,478.65006178720216,0.0005876033450723042,1.5195240056736576,2585.968950681656,638.9,262.8,51.0,2,2,2,0.9,0.9,0.9,1761297019
2023-11,base,0x439447dacc7b35a97f4be3628b3df60198e87d91,56,16,56,0,19,14,11,0,6,1,8,21,0,2377032,15.043,0.03575835810309134,92.47000378195001,0.0006385421089837739,1.6512500675348216,2585.968950681656,140.9,49.8,17.0,8,6,7,0.3,0.5,0.4,1761297019
2023-11,base,0xb01232c659ed72d8546d7ab37077154facac0f6c,61,10,61,1,20,12,11,2,7,1,6,20,0,2760616,19.187,0.052968917866965635,136.97597695517996,0.0008683429158518957,2.2455078189373765,2585.968950681656,144.3,55.4,19.0,6,4,6,0.5,0.7,0.5,1761297019
2023-11,base,0x61fe846add1f52c7bba55f328af7f7cf2b82dc9d,60,11,60,0,24,13,7,0,0,0,7,21,0,2601660,10.957,0.028507220605591473,73.71878735629187,0.00047512034342652457,1.2286464559381978,2585.968950681656,114.00000000000001,36.6,0.0,7,9,8,0.4,0.2,0.3,1761297019
2023-11,base,0x8539b4638c357605daf77d1c41f7bc90d6ee48ef,70,15,70,0,26,15,13,2,6,1,8,24,0,2988720,11.556,0.03453768847000245,89.31339001174217,0.0004933955495714636,1.2759055715963168,2585.968950681656,164.20000000000002,65.0,17.0,5,7,5,0.6,0.4,0.6,1761297019
2023-11,base,0x01bdaa13691ed7b345301de7ccd81f2d9983bdf5,411,63,411,6,144,90,75,8,32,4,48,30,0,17091435,15.66,0.2676535593677959,692.1437940645495,0.0006512252052744426,1.6840481607409965,2585.968950681656,860.6,365.0,84.0,1,1,1,1.0,1.0,1.0,1761297019
2023-11,base,0x527d831f4f3d5690f465d3c3e61db75e2635846c,82,8,82,0,26,17,17,2,6,0,10,29,0,3588730,10.639,0.038181700310073945,98.73669148608339,0.0004656304915862676,1.2041059937327243,2585.968950681656,186.50000000000003,79.4,12.0,4,5,4,0.7,0.6,0.7,1761297019
2023-11,base,0xb09540a4dd99d83750f2bee01c6434fa3c7714f5,87,3,87,0,36,16,16,2,4,0,10,30,0,3816690,13.882,0.05298316450593492,137.01281832120608,0.0006090018908728152,1.5748599807035182,2585.968950681656,187.8,75.2,8.0,3,3,3,0.8,0.8,0.8,1761297019
2023-12,base,0x38d9d7338843744c280decb3c3af2a1463eada5e,50,9,50,1,19,13,10,0,4,0,5,18,0,2220800,18.24,0.04050849533714761,105.22907951558348,0.0008101699067429521,2.1045815903116694,2597.7039788758825,114.39999999999999,45.6,8.0,9,9,9,0.2,0.2,0.2,1761297019
2023-12,base,0xe9d083cd21737a11a212f2df7c6417f3454e51a3,44,6,44,0,17,8,5,1,1,0,3,15,0,1953864,23.256,0.04543885455331846,118.03669326871788,0.0010327012398481468,2.6826521197435884,2597.7039788758825,82.0,28.6,2.0,10,8,10,0.1,0.3,0.1,1761297019
2023-12,base,0x96c5eb96c50852d1cde67e25e58f74a0104dc2a2,248,100,248,2,86,53,45,4,20,2,31,30,0,9895448,28.747,0.28446087894984534,738.945157082544,0.0011470196731848603,2.979617568881226,2597.7039788758825,530.1,214.6,50.0,2,1,2,0.9,1.0,0.9,1761297019
2023-12,base,0x439447dacc7b35a97f4be3628b3df60198e87d91,66,7,66,1,17,15,11,0,4,0,8,23,0,2886906,16.86,0.04867266257737271,126.43716923972435,0.0007374645845056472,1.915714685450369,2597.7039788758825,140.4,51.0,8.0,5,6,7,0.6,0.5,0.4,1761297019
2023-12,base,0xb01232c659ed72d8546d7ab37077154facac0f6c,66,10,66,0,22,18,12,1,6,0,7,22,0,2700918,17.597,0.047528057608392404,123.46382435756311,0.0007201220849756425,1.870664005417623,2597.7039788758825,149.9,61.599999999999994,12.0,5,7,5,0.6,0.4,0.6,1761297019
2023-12,base,0x61fe846add1f52c7bba55f328af7f7cf2b82dc9d,63,11,63,0,22,12,7,1,7,0,7,22,0,2846025,18.41,0.05239627132788267,136.11000250670114,0.000831686846474328,2.1604762302650973,2597.7039788758825,137.50000000000003,39.4,14.0,8,4,8,0.3,0.7,0.3,1761297019
2023-12,base,0x8539b4638c357605daf77d1c41f7bc90d6ee48ef,65,14,65,1,15,15,10,0,6,1,8,22,0,2924610,17.939,0.05246316241983151,136.283765762408,0.0008071255756897155,2.0966733194216616,2597.7039788758825,146.9,48.0,17.0,7,3,6,0.4,0.8,0.5,1761297019
2023-12,base,0x01bdaa13691ed7b345301de7ccd81f2d9983bdf5,390,138,390,5,138,84,69,7,32,6,47,30,0,15137850,17.57,0.2659778695167872,690.9317699366884,0.0006819945372225313,1.7716199229145857,2597.7039788758825,831.8000000000001,335.8,94.0,1,2,1,1.0,0.9,1.0,1761297019
2023-12,base,0x527d831f4f3d5690f465d3c3e61db75e2635846c,85,14,85,2,32,16,13,0,2,0,9,29,0,3580880,10.846,0.038837978826777156,100.8895721298163,0.0004569173979620842,1.1869361427037213,2597.7039788758825,169.00000000000003,58.2,4.0,4,10,4,0.7,0.1,0.7,1761297019
2023-12,base,0xb09540a4dd99d83750f2bee01c6434fa3c7714f5,86,13,86,0,33,20,16,1,4,0,10,29,1,3345056,14.947,0.04999704651657218,129.87752666814214,0.0005813610060066533,1.510203798466769,2597.7039788758825,188.5,76.0,8.0,3,5,3,0.8,0.6,0.8,1761297019
2024-01,base,0x38d9d7338843744c280decb3c3af2a1463eada5e,42,8,42,0,10,11,5,0,4,0,2,17,0,1757196,17.413,0.030597939580189283,78.1669869816144,0.0007285223709568877,1.8611187376574858,2554.648713412841,87.30000000000001,28.2,8.0,9,8,9,0.2,0.3,0.2,1761297019
2024-01,base,0xe9d083cd21737a11a212f2df7c6417f3454e51a3,37,17,37,1,9,7,6,1,0,0,4,12,0,1408738,7.901,0.011129931831822636,28.43306603453832,0.0003008089684276388,0.7684612441767114,2554.648713412841,69.3,30.4,0.0,10,10,10,0.1,0.1,0.1,1761297019
2024-01,base,0x96c5eb96c50852d1cde67e25e58f74a0104dc2a2,314,82,314,4,112,70,52,6,27,3,39,30,0,12340514,16.057,0.19815479812589898,506.21590008890905,0.000631066236069742,1.6121525480538506,2554.648713412841,664.3,264.0,69.0,2,2,2,0.9,0.9,0.9,1761297019
2024-01,base,0x439447dacc7b35a97f4be3628b3df60198e87d91,44,20,44,1,12,11,10,0,7,2,5,14,0,1883420,19.7,0.037103508064701564,94.78642914059282,0.0008432615469250355,2.154237025922564,2554.648713412841,121.0,43.2,24.0,8,7,8,0.3,0.4,0.3,1761297019
2024-01,base,0xb01232c659ed72d8546d7ab37077154facac0f6c,76,2,76,1,27,20,12,0,2,0,10,28,0,3080812,16.06,0.04947865991718137,126.4005948988189,0.0006510349989102812,1.6631657223528802,2554.648713412841,158.9,60.0,4.0,5,5,5,0.6,0.6,0.6,1761297019
2024-01,base,0x61fe846add1f52c7bba55f328af7f7cf2b82dc9d,78,4,78,1,24,17,11,1,7,1,11,28,0,3328806,16.221,0.05399676814753762,137.94277427655845,0.0006922662583017644,1.7684971061097237,2554.648713412841,178.0,57.4,19.0,4,4,3,0.7,0.7,0.8,1761297019
2024-01,base,0x8539b4638c357605daf77d1c41f7bc90d6ee48ef,67,15,67,1,20,15,9,1,5,0,6,22,0,2555715,21.129,0.05400017303457224,137.95147256684078,0.0008059727318592871,2.0589772024901607,2554.648713412841,137.9,49.0,10.0,6,3,6,0.5,0.8,0.5,1761297019
2024-01,base,0x01bdaa13691ed7b345301de7ccd81f2d9983bdf5,511,47,511,7,176,114,92,10,38,6,61,30,0,23438037,14.99,0.35132641908741535,897.5155845096062,0.0006875272389186211,1.7563905763397383,2554.648713412841,1064.0,452.79999999999995,106.0,1,1,1,1.0,1.0,1.0,1761297019
2024-01,base,0x527d831f4f3d5690f465d3c3e61db75e2635846c,63,23,63,0,22,14,11,1,4,0,7,22,0,2878596,10.19,0.02933174881480566,74.9323143718919,0.0004655833145207248,1.1894018154268557,2554.648713412841,137.3,53.8,8.0,7,9,7,0.4,0.2,0.4,1761297019
2024-01,base,0xb09540a4dd99d83750f2bee01c6434fa3c7714f5,81,15,81,0,22,12,14,2,6,0,10,30,0,3447279,12.236,0.04217932152234019,107.75334945967292,0.0005207323644733357,1.3302882649342336,2554.648713412841,176.60000000000002,64.4,12.0,3,6,4,0.8,0.5,0.7,1761297019
2024-02,base,0x38d9d7338843744c280decb3c3af2a1463eada5e,44,15,44,0,14,9,7,1,6,2,7,17,0,1984400,31.894,0.06329098620668468,155.7934803177122,0.001438431504697379,3.540760916311641,2461.5429408691625,117.6,35.8,22.0,10,4,6,0.1,0.7,0.5,1761297019
2024-02,base,0xe9d083cd21737a11a212f2df7c6417f3454e51a3,48,12,48,0,14,10,7,1,5,0,6,19,0,1874304,6.315,0.011836539650812546,29.136150621775567,0.0002465945760585947,0.6070031379536577,2461.5429408691625,108.89999999999999,37.0,10.0,9,10,7,0.2,0.1,0.4,1761297019
2024-02,base,0x96c5eb96c50852d1cde67e25e58f74a0104dc2a2,233,109,233,3,78,52,42,4,15,2,26,30,0,9827008,17.394,0.17093413578071348,420.7617152845862,0.0007336229003464098,1.8058442716076661,2461.5429408691625,482.5,204.4,40.0,2,2,2,0.9,0.9,0.9,1761297019
2024-02,base,0x439447dacc7b35a97f4be3628b3df60198e87d91,52,10,52,0,20,10,5,1,4,0,6,18,0,2340676,10.444,0.02444713312469947,60.17766796759265,0.00047013717547498977,1.1572628455306277,2461.5429408691625,107.6,31.0,8.0,6,9,8,0.5,0.2,0.3,1761297019
2024-02,base,0xb01232c659ed72d8546d7ab37077154facac0f6c,49,23,49,0,13,7,7,0,4,1,5,17,0,2074562,14.441,0.029959306542181614,73.74611953224247,0.0006114144192281962,1.5050228475967853,2461.5429408691625,107.4,29.4,13.0,8,8,9,0.3,0.3,0.2,1761297019
2024-02,base,0x61fe846add1f52c7bba55f328af7f7cf2b82dc9d,52,21,52,0,16,11,6,1,2,0,6,17,0,2062008,14.873,0.030667920741200328,75.49040381163664,0.0005897677065615448,1.451738534839166,2461.5429408691625,101.70000000000002,35.2,4.0,6,7,10,0.5,0.4,0.1,1761297019
2024-02,base,0x8539b4638c357605daf77d1c41f7bc90d6ee48ef,84,3,84,2,29,17,15,1,4,0,11,28,0,3764040,22.817,0.08588464104719527,211.40873189880546,0.0010224362029428009,2.516770617842922,2461.5429408691625,179.5,69.4,8.0,3,3,3,0.8,0.8,0.8,1761297019
2024-02,base,0x01bdaa13691ed7b345301de7ccd81f2d9983bdf5,474,42,474,6,164,108,84,9,36,5,56,30,0,20046408,16.03,0.32134559215413555,791.0059739464333,0.0006779442872450117,1.6687889745705344,2461.5429408691625,985.8000000000001,417.6,97.0,1,1,1,1.0,1.0,1.0,1761297019
2024-02,base,0x527d831f4f3d5690f465d3c3e61db75e2635846c,61,28,61,1,24,13,12,0,8,1,8,21,0,2376011,18.454,0.04384651149501556,107.93007085229415,0.0007187952704100912,1.7693454238081008,2461.5429408691625,154.99999999999997,51.6,21.0,5,5,5,0.6,0.6,0.6,1761297019
2024-02,base,0xb09540a4dd99d83750f2bee01c6434fa3c7714f5,79,14,79,1,28,10,8,1,5,1,7,29,0,3098617,12.439,0.03854521453649604,94.88070074659926,0.00048791410805691193,1.2010215284379653,2461.5429408691625,160.5,40.0,15.0,4,6,4,0.7,0.5,0.7,1761297019
2024-03,base,0x38d9d7338843744c280decb3c3af2a1463eada5e,54,7,54,0,17,12,10,1,8,1,5,19,0,2328048,14.721,0.0342708212898957,79.80427894287952,0.0006346448387017722,1.477857017460732,2328.636313317906,135.4,48.4,21.0,9,5,9,0.2,0.6,0.2,1761297019
2024-03,base,0xe9d083cd21737a11a212f2df7c6417f3454e51a3,65,1,65,1,25,15,11,1,5,0,6,22,0,2847585,8.916,0.025388468548762654,59.120509802178276,0.00039059182382711777,0.9095463046488965,2328.636313317906,141.9,55.0,10.0,7,9,8,0.4,0.2,0.3,1761297019
2024-03,base,0x96c5eb96c50852d1cde67e25e58f74a0104dc2a2,298,56,298,4,105,66,55,6,20,3,34,30,0,13451422,20.353,0.2737738063838596,637.519627180721,0.0009187040482679853,2.1393276079889967,2328.636313317906,621.4,268.2,55.0,2,1,2,0.9,1.0,0.9,1761297019
2024-03,base,0x439447dacc7b35a97f4be3628b3df60198e87d91,47,21,47,0,21,10,9,1,6,0,5,16,0,1943638,13.928,0.02707027999632462,63.036837011124824,0.0005759634041771196,1.3412092981090389,2328.636313317906,114.10000000000001,43.0,12.0,10,7,10,0.1,0.4,0.1,1761297019
2024-03,base,0xb01232c659ed72d8546d7ab37077154facac0f6c,63,11,63,0,22,14,10,1,5,1,6,24,0,2493666,10.775,0.02686870616445382,62.56744486641584,0.00042648739943577495,0.9931340454986641,2328.636313317906,143.20000000000002,50.8,15.0,8,8,7,0.3,0.3,0.4,1761297019
2024-03,base,0x61fe846add1f52c7bba55f328af7f7cf2b82dc9d,67,19,67,0,23,15,13,1,4,0,8,25,0,2836512,5.099,0.014463231947774166,33.679607121526594,0.00021586913354886816,0.502680703306367,2328.636313317906,149.7,61.0,8.0,6,10,6,0.5,0.1,0.5,1761297019
2024-03,base,0x8539b4638c357605daf77d1c41f7bc90d6ee48ef,82,7,82,1,28,19,15,1,8,2,9,29,0,3690000,20.028,0.07390477089402415,172.0973332312649,0.0009012776938295628,2.0987479662349378,2328.636313317906,198.1,71.8,26.0,3,3,3,0.8,0.8,0.8,1761297019
2024-03,base,0x01bdaa13691ed7b345301de7ccd81f2d9983bdf5,407,163,407,5,139,87,73,7,34,5,48,30,0,18473730,9.791,0.18088039816746684,421.2046635401649,0.00044442358272104877,1.0349008932190784,2328.636313317906,860.9,351.4,93.0,1,2,1,1.0,0.9,1.0,1761297019
2024-03,base,0x527d831f4f3d5690f465d3c3e61db75e2635846c,76,26,76,1,26,17,16,1,10,0,9,26,0,3244212,13.718,0.04450294618126213,103.63117652731944,0.0005855650813323965,1.3635681122015715,2328.636313317906,186.4,72.4,20.0,4,4,4,0.7,0.7,0.7,1761297019
2024-03,base,0xb09540a4dd99d83750f2bee01c6434fa3c7714f5,69,28,69,0,22,15,13,2,5,0,8,25,0,2685825,11.436,0.030714047406604533,71.52184611998698,0.0004451311218348483,1.036548494492565,2328.636313317906,154.3,65.0,10.0,5,6,5,0.6,0.5,0.6,1761297019
2024-04,base,0x38d9d7338843744c280decb3c3af2a1463eada5e,60,3,60,0,24,12,13,1,10,0,7,20,0,2409900,9.009,0.02171187765425375,47.126933248714444,0.00036186462757089585,0.7854488874785741,2170.5600040299337,154.9,57.4,20.0,7,10,6,0.4,0.1,0.5,1761297019
2024-04,base,0xe9d083cd21737a11a212f2df7c6417f3454e51a3,46,18,46,0,18,10,8,1,3,0,4,15,0,2115770,18.473,0.039084160673162165,84.83451594824544,0.0008496556668078732,1.844228607570553,2170.5600040299337,98.7,40.0,6.0,10,8,10,0.1,0.3,0.1,1761297019
2024-04,base,0x96c5eb96c50852d1cde67e25e58f74a0104dc2a2,242,118,242,3,88,51,44,5,21,3,29,30,0,10806752,20.201,0.21830828661817925,473.85123548172305,0.0009021003579263605,1.9580629565360457,2170.5600040299337,526.6,213.2,57.0,2,2,2,0.9,0.9,0.9,1761297019
2024-04,base,0x439447dacc7b35a97f4be3628b3df60198e87d91,50,17,50,0,16,13,9,1,1,0,5,17,0,2113500,16.016,0.03384884960408672,73.47095913305509,0.0006769769920817344,1.4694191826611018,2170.5600040299337,102.00000000000001,46.6,2.0,9,9,9,0.2,0.2,0.2,1761297019
2024-04,base,0xb01232c659ed72d8546d7ab37077154facac0f6c,60,10,60,0,20,12,14,1,4,0,5,21,0,2675040,22.909,0.06128125540294672,133.01464197437943,0.0010213542567157786,2.2169106995729906,2170.5600040299337,135.0,60.4,8.0,7,6,8,0.4,0.5,0.3,1761297019
2024-04,base,0x61fe846add1f52c7bba55f328af7f7cf2b82dc9d,70,10,70,0,28,18,12,1,5,0,6,24,0,2782710,19.451,0.05412516241917533,117.48191275868602,0.000773216605988219,1.6783130394098003,2170.5600040299337,153.2,61.599999999999994,10.0,6,7,7,0.5,0.4,0.4,1761297019
2024-04,base,0x8539b4638c357605daf77d1c41f7bc90d6ee48ef,88,2,88,1,29,19,16,2,9,2,9,29,0,3659832,23.365,0.08551112509006857,185.6070280201034,0.0009717173305689611,2.1091707729557205,2170.5600040299337,209.5,78.8,28.0,3,3,3,0.8,0.8,0.8,1761297019
2024-04,base,0x01bdaa13691ed7b345301de7ccd81f2d9983bdf5,417,171,417,7,141,89,74,7,30,4,49,30,1,18609876,14.182,0.2639268162585924,572.8689913618579,0.000632918024600941,1.373786550028436,2170.5600040299337,860.0,356.8,80.0,1,1,1,1.0,1.0,1.0,1761297019
2024-04,base,0x527d831f4f3d5690f465d3c3e61db75e2635846c,81,21,81,1,22,16,14,0,6,0,9,30,0,3253365,20.273,0.06595686320211241,143.1633292577789,0.0008142822617544743,1.7674485093552952,2170.5600040299337,176.20000000000002,61.2,12.0,4,5,4,0.7,0.6,0.7,1761297019
2024-04,base,0xb09540a4dd99d83750f2bee01c6434fa3c7714f5,80,23,80,1,29,18,13,1,6,0,9,26,0,3340720,19.751,0.06598125470121068,143.21627247015994,0.0008247656837651335,1.790203405876999,2170.5600040299337,173.99999999999997,64.6,12.0,5,4,5,0.6,0.7,0.6,1761297019
2024-05,base,0x38d9d7338843744c280decb3c3af2a1463eada5e,51,4,51,0,23,8,12,0,1,0,5,19,0,2009859,12.629,0.0253823840794542,50.88447195338145,0.0004976938054794941,0.99773474418395,2004.7160185622572,111.2,45.6,2.0,10,8,10,0.1,0.3,0.1,1761297019
2024-05,base,0xe9d083cd21737a11a212f2df7c6417f3454e51a3,53,7,53,0,15,11,11,0,8,1,5,19,0,2056294,4.751,0.009769619580503886,19.58531286829562,0.00018433244491516767,0.36953420506218154,2004.7160185622572,135.20000000000002,46.2,21.0,9,10,9,0.2,0.1,0.2,1761297019
2024-05,base,0x96c5eb96c50852d1cde67e25e58f74a0104dc2a2,380,16,380,5,136,81,69,7,30,5,46,30,0,15424580,18.831,0.290459321885791,582.288455325176,0.0007643666365415552,1.5323380403294105,2004.7160185622572,807.3,332.2,85.0,2,2,2,0.9,0.9,0.9,1761297019
2024-05,base,0x439447dacc7b35a97f4be3628b3df60198e87d91,74,4,74,2,22,16,13,1,3,0,9,24,0,2926330,10.994,0.03217073420790772,64.49318619550137,0.0004347396514582124,0.8715295431824509,2004.7160185622572,153.50000000000003,62.2,6.0,4,7,7,0.7,0.4,0.4,1761297019
2024-05,base,0xb01232c659ed72d8546d7ab37077154facac0f6c,69,9,69,2,22,14,11,0,7,1,6,24,0,2870952,17.51,0.050269949535885934,100.77697308690684,0.0007285499932737092,1.4605358418392296,2004.7160185622572,156.20000000000002,49.8,19.0,6,5,5,0.5,0.6,0.6,1761297019
2024-05,base,0x61fe846add1f52c7bba55f328af7f7cf2b82dc9d,66,14,66,0,21,16,15,1,6,0,8,25,0,2621256,15.423,0.04042633534822196,81.04332204435016,0.0006125202325488175,1.2279291218840933,2004.7160185622572,158.3,68.2,12.0,7,6,4,0.4,0.5,0.7,1761297019
2024-05,base,0x8539b4638c357605daf77d1c41f7bc90d6ee48ef,63,24,63,0,24,13,14,1,6,1,7,24,0,2685753,24.1,0.06472759146486538,129.76043945256927,0.001027422086743895,2.059689515120147,2004.7160185622572,156.1,61.6,17.0,8,3,6,0.3,0.8,0.5,1761297019
2024-05,base,0x01bdaa13691ed7b345301de7ccd81f2d9983bdf5,478,110,478,7,166,105,82,9,40,3,57,30,0,19428310,20.121,0.3909169885763808,783.6775489271895,0.0008178179677330143,1.6394927801824049,2004.7160185622572,988.4,408.0,95.0,1,1,1,1.0,1.0,1.0,1761297019
2024-05,base,0x527d831f4f3d5690f465d3c3e61db75e2635846c,82,8,82,0,27,14,15,2,5,0,9,30,0,3239000,5.578,0.01806710709996166,36.219419012373024,0.00022033057438977633,0.4417002318582076,2004.7160185622572,177.9,69.8,10.0,3,9,3,0.8,0.2,0.8,1761297019
2024-05,base,0xb09540a4dd99d83750f2bee01c6434fa3c7714f5,73,27,73,1,27,10,11,2,5,0,8,24,0,2843131,18.02,0.0512325669946403,102.7067477262194,0.0007018159862279493,1.4069417496742385,2004.7160185622572,153.10000000000002,53.0,10.0,5,4,8,0.6,0.7,0.3,1761297019
2024-06,base,0x38d9d7338843744c280decb3c3af2a1463eada5e,55,6,55,0,24,10,6,1,3,0,6,18,0,2255715,20.837,0.047003080919155206,86.9256870913693,0.0008546014712573674,1.5804670380248964,1849.3614757058276,111.19999999999999,34.0,6.0,9,8,9,0.2,0.3,0.2,1761297019
2024-06,base,0xe9d083cd21737a11a212f2df7c6417f3454e51a3,58,12,58,2,15,14,6,0,4,1,7,19,0,2579318,19.289,0.049753599936472444,92.01239100019205,0.0008578206885598697,1.5864205344860698,1849.3614757058276,121.39999999999999,34.8,13.0,8,5,8,0.3,0.6,0.3,1761297019
2024-06,base,0x96c5eb96c50852d1cde67e25e58f74a0104dc2a2,319,131,319,4,111,68,58,6,23,3,40,30,0,12225037,15.454,0.18892907441896042,349.3981518711848,0.000592254151783575,1.0952920121353755,1849.3614757058276,669.6,279.6,61.0,2,2,2,0.9,0.9,0.9,1761297019
2024-06,base,0x439447dacc7b35a97f4be3628b3df60198e87d91,70,1,70,0,26,14,16,1,3,0,7,26,0,2977730,20.582,0.061286320337154844,113.34055981930075,0.000875518861959355,1.6191508545614393,1849.3614757058276,155.7,68.8,6.0,7,3,7,0.4,0.8,0.4,1761297019
2024-06,base,0xb01232c659ed72d8546d7ab37077154facac0f6c,49,24,49,1,19,13,6,1,3,0,6,18,0,2187360,7.974,0.017441229424360532,32.2551377863593,0.00035594345764001085,0.6582681180889652,1849.3614757058276,103.89999999999999,37.6,6.0,10,10,10,0.1,0.1,0.1,1761297019
2024-06,base,0x61fe846add1f52c7bba55f328af7f7cf2b82dc9d,82,3,82,1,29,20,15,2,7,1,6,28,0,3415382,16.471,0.056254467608957956,104.03484523234816,0.0006860300927921702,1.2687176247847336,1849.3614757058276,185.7,77.0,19.0,4,4,4,0.7,0.7,0.7,1761297019
2024-06,base,0x8539b4638c357605daf77d1c41f7bc90d6ee48ef,80,2,80,2,24,16,13,2,7,0,10,29,0,3171680,15.088,0.04785272449531509,88.49698518920032,0.0005981590561914386,1.106212314865004,1849.3614757058276,177.3,66.2,14.0,5,7,5,0.6,0.4,0.6,1761297019
2024-06,base,0x01bdaa13691ed7b345301de7ccd81f2d9983bdf5,392,178,392,6,132,85,70,7,33,4,47,30,0,17757208,18.566,0.32968030695429107,609.698058980138,0.0008410211912099262,1.555352191275862,1849.3614757058276,826.3,340.0,86.0,1,1,1,1.0,1.0,1.0,1761297019
2024-06,base,0x527d831f4f3d5690f465d3c3e61db75e2635846c,72,26,72,1,31,20,15,1,2,1,9,26,0,3280680,14.953,0.04905586324653849,90.7220236456417,0.0006813314339797012,1.260028106189468,1849.3614757058276,164.6,73.0,9.0,6,6,6,0.5,0.5,0.5,1761297019
2024-06,base,0xb09540a4dd99d83750f2bee01c6434fa3c7714f5,96,6,96,0,37,22,18,2,8,0,12,30,0,4367328,7.823,0.0341642258101952,63.18200306068972,0.00035587735218953334,0.658145865215518,1849.3614757058276,218.60000000000002,88.4,16.0,3,9,3,0.8,0.2,0.8,1761297019
2024-07,base,0x38d9d7338843744c280decb3c3af2a1463eada5e,39,8,39,1,13,7,4,1,2,0,5,15,0,1666977,17.45,0.02908908535004467,50.07973304552425,0.0007458739833344787,1.2840957191160065,1721.5987523460358,78.5,24.4,4.0,9,8,9,0.2,0.3,0.2,1761297019
2024-07,base,0xe9d083cd21737a11a212f2df7c6417f3454e51a3,36,17,36,0,17,7,5,0,2,0,3,15,0,1491300,16.454,0.02453742192661808,42.24359497465395,0.0006815950535171689,1.1734331937403875,1721.5987523460358,76.6,23.4,4.0,10,9,10,0.1,0.2,0.1,1761297019
2024-07,base,0x96c5eb96c50852d1cde67e25e58f74a0104dc2a2,287,37,287,3,101,65,49,5,24,2,34,30,0,12597004,7.162,0.09021834986407085,155.31979856470252,0.0003143496510943235,0.5411839671243991,1721.5987523460358,603.9,245.0,58.0,2,2,2,0.9,0.9,0.9,1761297019
2024-07,base,0x439447dacc7b35a97f4be3628b3df60198e87d91,58,2,58,2,23,16,10,1,4,0,5,22,0,2275630,18.817,0.042819540647430904,73.71806775464741,0.0007382679421970846,1.271001168183576,1721.5987523460358,127.5,53.2,8.0,7,6,7,0.4,0.5,0.4,1761297019
2024-07,base,0xb01232c659ed72d8546d7ab37077154facac0f6c,44,18,44,0,16,10,9,0,5,0,5,14,0,1780504,10.641,0.018947221503586784,32.619512900998984,0.00043061867053606327,0.7413525659317951,1721.5987523460358,104.7,39.0,10.0,8,10,8,0.3,0.1,0.3,1761297019
2024-07,base,0x61fe846add1f52c7bba55f328af7f7cf2b82dc9d,66,1,66,1,19,13,13,0,5,0,7,23,0,2698476,18.494,0.04990452821230032,85.91557350671377,0.0007561292153378836,1.3017511137380875,1721.5987523460358,145.89999999999998,54.6,10.0,6,5,6,0.5,0.6,0.5,1761297019
2024-07,base,0x8539b4638c357605daf77d1c41f7bc90d6ee48ef,74,6,74,1,25,18,13,1,9,1,6,27,0,2951638,22.56,0.06658932610464133,114.64010074131382,0.0008998557581708287,1.5491905505582948,1721.5987523460358,176.6,64.6,23.0,5,4,4,0.6,0.7,0.7,1761297019
2024-07,base,0x01bdaa13691ed7b345301de7ccd81f2d9983bdf5,396,108,396,5,132,86,70,7,29,1,48,30,0,15305004,19.086,0.2921175492928017,502.90920840086903,0.0007376705790222265,1.2699727484870431,1721.5987523460358,805.6999999999999,341.2,63.0,1,1,1,1.0,1.0,1.0,1761297019
2024-07,base,0x527d831f4f3d5690f465d3c3e61db75e2635846c,75,12,75,2,27,17,17,1,7,0,7,28,0,3446850,20.2,0.06962503615750992,119.8663753808167,0.0009283338154334656,1.5982183384108894,1721.5987523460358,176.70000000000002,75.4,14.0,3,3,3,0.8,0.8,0.8,1761297019
2024-07,base,0xb09540a4dd99d83750f2bee01c6434fa3c7714f5,75,11,75,0,25,17,9,1,8,0,9,25,0,2967075,14.173,0.04205132152021768,72.39550266370875,0.0005606842869362357,0.96527336884945,1721.5987523460358,164.8,51.4,16.0,3,7,5,0.8,0.4,0.6,1761297019
2024-08,base,0x38d9d7338843744c280decb3c3af2a1463eada5e,30,11,30,0,8,5,7,0,0,0,3,11,0,1302630,12.826,0.01670744664107931,27.32490784188147,0.0005569148880359769,0.910830261396049,1635.4927493646192,61.400000000000006,27.0,0.0,10,10,10,0.1,0.1,0.1,1761297019
2024-08,base,0xe9d083cd21737a11a212f2df7c6417f3454e51a3,34,17,34,0,12,8,6,0,4,0,4,13,1,1519154,21.144,0.032120847246775344,52.533412775549564,0.0009447308013757455,1.5451003757514579,1635.4927493646192,83.1,27.6,8.0,9,8,9,0.2,0.3,0.2,1761297019
2024-08,base,0x96c5eb96c50852d1cde67e25e58f74a0104dc2a2,224,112,224,4,79,49,41,4,20,2,25,30,0,9177728,13.722,0.12594009471066178,205.97411175358076,0.0005622325656725973,0.9195272846141999,1635.4927493646192,483.70000000000005,197.8,50.0,2,2,2,0.9,0.9,0.9,1761297019
2024-08,base,0x439447dacc7b35a97f4be3628b3df60198e87d91,52,10,52,0,13,12,10,1,3,0,6,17,0,2078284,21.663,0.04502279965474367,73.63446239142915,0.0008658230702835322,1.4160473536813298,1635.4927493646192,111.9,48.4,6.0,7,5,8,0.4,0.6,0.3,1761297019
2024-08,base,0xb01232c659ed72d8546d7ab37077154facac0f6c,57,10,57,0,15,12,11,1,3,1,6,21,0,2287296,16.393,0.0374956285305105,61.32382859451907,0.000657818044394921,1.0758566420091065,1635.4927493646192,127.5,51.4,11.0,5,7,5,0.6,0.4,0.6,1761297019
2024-08,base,0x61fe846add1f52c7bba55f328af7f7cf2b82dc9d,45,21,45,1,17,11,8,0,9,0,5,16,0,1991835,21.66,0.04314366684946728,70.56115431330642,0.000958748152210384,1.5680256514068094,1635.4927493646192,117.4,37.2,18.0,8,6,7,0.3,0.5,0.4,1761297019
2024-08,base,0x8539b4638c357605daf77d1c41f7bc90d6ee48ef,53,21,53,1,23,11,7,0,4,1,6,17,0,2345038,20.869,0.04893882164150908,80.03908795713642,0.0009233739932360205,1.5101714708893663,1635.4927493646192,118.00000000000001,34.2,13.0,6,4,6,0.5,0.7,0.5,1761297019
2024-08,base,0x01bdaa13691ed7b345301de7ccd81f2d9983bdf5,322,134,322,5,112,67,53,6,22,3,38,30,0,13537524,12.529,0.16961579684582542,277.4054059190497,0.0005267571330615697,0.861507471798291,1635.4927493646192,656.0999999999999,263.4,59.0,1,1,1,1.0,1.0,1.0,1761297019
2024-08,base,0x527d831f4f3d5690f465d3c3e61db75e2635846c,66,29,66,1,26,15,11,0,6,0,6,22,0,2889084,10.499,0.03033342386951984,49.61009480200337,0.0004595973313563612,0.7516681030606571,1635.4927493646192,146.3,51.0,12.0,4,9,4,0.7,0.2,0.7,1761297019
2024-08,base,0xb09540a4dd99d83750f2bee01c6434fa3c7714f5,72,19,72,0,30,16,13,1,8,0,7,26,0,2956464,18.25,0.05395577360113702,88.24427651101853,0.0007493857444602364,1.225614951541924,1635.4927493646192,169.1,62.2,16.0,3,3,3,0.8,0.8,0.8,1761297019
2024-09,base,0x38d9d7338843744c280decb3c3af2a1463eada5e,33,12,33,1,6,4,4,0,4,0,2,12,0,1402764,19.201,0.026934567368073238,43.10938221683272,0.0008161990111537345,1.3063449156615976,1600.522541451036,67.9,16.8,8.0,10,8,10,0.1,0.3,0.1,1761297019
2024-09,base,0xe9d083cd21737a11a212f2df7c6417f3454e51a3,42,17,42,0,15,6,6,0,3,1,4,15,0,1668534,27.873,0.046507102826709015,74.43566641172897,0.0011073119720645004,1.7722777717078326,1600.522541451036,92.9,25.2,11.0,9,6,9,0.2,0.5,0.2,1761297019
2024-09,base,0x96c5eb96c50852d1cde67e25e58f74a0104dc2a2,349,29,349,5,122,77,63,5,25,3,43,30,0,14517004,15.18,0.22037149592147046,352.7095467155985,0.0006314369510643852,1.0106290736836634,1600.522541451036,727.5999999999999,301.4,65.0,2,2,2,0.9,0.9,0.9,1761297019
2024-09,base,0x439447dacc7b35a97f4be3628b3df60198e87d91,50,19,50,0,10,9,6,1,5,0,5,19,0,1967650,9.012,0.01773161410570037,28.37984807248459,0.00035463228211400736,0.5675969614496919,1600.522541451036,105.39999999999999,32.8,10.0,8,10,8,0.3,0.1,0.3,1761297019
2024-09,base,0xb01232c659ed72d8546d7ab37077154facac0f6c,66,1,66,0,28,14,9,1,7,1,7,23,0,2973762,8.79,0.026139684155728423,41.837153717653834,0.00039605582054133976,0.6338962684493005,1600.522541451036,153.39999999999998,47.8,19.0,6,9,6,0.5,0.2,0.5,1761297019
2024-09,base,0x61fe846add1f52c7bba55f328af7f7cf2b82dc9d,62,11,62,0,24,12,9,1,2,0,8,23,0,2773632,12.127,0.03363511611306071,53.83376152327662,0.0005425018727913018,0.868286476181881,1600.522541451036,128.5,45.4,4.0,7,7,7,0.4,0.4,0.4,1761297019
2024-09,base,0x8539b4638c357605daf77d1c41f7bc90d6ee48ef,83,2,83,1,29,16,13,1,5,1,9,27,0,3346394,27.338,0.09148445879031622,146.4229384863495,0.0011022223950640508,1.7641317889921626,1600.522541451036,178.9,62.2,15.0,5,3,4,0.6,0.8,0.7,1761297019
2024-09,base,0x01bdaa13691ed7b345301de7ccd81f2d9983bdf5,375,99,375,6,131,80,66,6,27,3,44,30,0,14509875,30.048,0.43599047279988695,697.8125795741138,0.0011626412607996985,1.8608335455309701,1600.522541451036,771.4,318.0,69.0,1,1,1,1.0,1.0,1.0,1761297019
2024-09,base,0x527d831f4f3d5690f465d3c3e61db75e2635846c,86,7,86,1,29,21,12,2,5,0,10,30,0,3606324,23.312,0.08406981841595151,134.55563943042583,0.0009775560280924594,1.5646004584933235,1600.522541451036,180.5,69.2,10.0,3,4,3,0.8,0.7,0.8,1761297019
2024-09,base,0xb09540a4dd99d83750f2bee01c6434fa3c7714f5,86,2,86,2,30,21,16,2,2,0,8,30,0,3392442,15.96,0.05414499395029094,86.66028332417062,0.0006295929529103598,1.0076777130717514,1600.522541451036,176.4,81.2,4.0,3,5,5,0.8,0.6,0.6,1761297019
2024-10,base,0x38d9d7338843744c280decb3c3af2a1463eada5e,45,7,45,0,14,8,7,0,0,0,4,16,0,1935585,13.952,0.02700480839492411,43.76231447808081,0.0006001068532205358,0.9724958772906847,1620.5378626684308,85.0,30.6,0.0,8,7,9,0.3,0.4,0.2,1761297019
2024-10,base,0xe9d083cd21737a11a212f2df7c6417f3454e51a3,39,13,39,0,7,4,7,1,4,0,2,15,0,1571505,13.689,0.021512904953655633,34.8624770133862,0.0005516129475296316,0.8939096670099025,1620.5378626684308,82.89999999999999,29.8,8.0,10,8,10,0.1,0.3,0.1,1761297019
2024-10,base,0x96c5eb96c50852d1cde67e25e58f74a0104dc2a2,256,128,256,4,92,58,41,5,21,2,31,30,0,11433472,23.794,0.27204896161177955,440.8656427915192,0.0010626912562960139,1.7221314171543718,1620.5378626684308,536.5,212.6,52.0,2,2,2,0.9,0.9,0.9,1761297019
2024-10,base,0x439447dacc7b35a97f4be3628b3df60198e87d91,43,21,43,0,14,10,5,1,4,0,5,16,0,1852999,11.497,0.02130307542136297,34.52244031159993,0.0004954203586363482,0.8028474491069751,1620.5378626684308,93.3,31.0,8.0,9,9,8,0.2,0.2,0.3,1761297019
2024-10,base,0xb01232c659ed72d8546d7ab37077154facac0f6c,62,7,62,1,21,13,8,0,6,0,6,20,0,2366478,17.156,0.04060026709308836,65.79427005880083,0.0006548430176304574,1.061197904174207,1620.5378626684308,132.1,39.6,12.0,6,5,6,0.5,0.6,0.5,1761297019
2024-10,base,0x61fe846add1f52c7bba55f328af7f7cf2b82dc9d,74,7,74,0,27,17,12,2,6,0,7,24,0,3075218,21.12,0.06495012393029119,105.25413501404378,0.0008777043774363674,1.4223531758654566,1620.5378626684308,160.90000000000003,64.4,12.0,3,3,3,0.8,0.8,0.8,1761297019
2024-10,base,0x8539b4638c357605daf77d1c41f7bc90d6ee48ef,57,25,57,0,20,14,9,1,4,1,6,19,0,2496486,6.858,0.01712095951260325,27.745163135386807,0.00030036771074742544,0.48675724798924225,1620.5378626684308,127.89999999999999,47.8,13.0,7,10,7,0.4,0.1,0.4,1761297019
2024-10,base,0x01bdaa13691ed7b345301de7ccd81f2d9983bdf5,465,51,465,7,168,101,85,10,40,4,55,30,0,19303545,16.998,0.3281250377591537,531.739047378217,0.0007056452424928037,1.1435248330714345,1620.5378626684308,982.6,416.2,100.0,1,1,1,1.0,1.0,1.0,1761297019
2024-10,base,0x527d831f4f3d5690f465d3c3e61db75e2635846c,65,25,65,1,24,13,9,0,7,0,7,23,0,2706535,10.621,0.02874697488584063,46.58556123968323,0.00044226115208985585,0.7167009421489727,1620.5378626684308,144.89999999999998,42.6,14.0,5,6,5,0.6,0.5,0.6,1761297019
2024-10,base,0xb09540a4dd99d83750f2bee01c6434fa3c7714f5,66,30,66,1,26,14,13,0,6,0,8,24,0,3020226,18.549,0.05602248478481917,90.78655775456555,0.0008488255270427147,1.3755539053722052,1620.5378626684308,154.3,55.8,12.0,4,4,4,0.7,0.7,0.7,1761297019
2024-11,base,0x38d9d7338843744c280decb3c3af2a1463eada5e,54,1,54,1,10,11,8,1,6,0,5,20,0,2084400,21.645,0.04511674525422614,76.39777755031027,0.0008354952824856693,1.414773658339079,1693.33530421621,117.4,41.2,12.0,8,7,8,0.3,0.4,0.3,1761297019
2024-11,base,0xe9d083cd21737a11a212f2df7c6417f3454e51a3,49,10,49,1,13,7,10,1,2,0,5,18,0,2231460,24.021,0.053602225389702114,90.76654063693708,0.0010939229671367778,1.8523783803456546,1693.33530421621,102.6,42.4,4.0,9,3,9,0.2,0.8,0.2,1761297019
2024-11,base,0x96c5eb96c50852d1cde67e25e58f74a0104dc2a2,330,48,330,3,112,70,56,6,25,2,37,30,0,12937320,11.454,0.14819034508607015,250.93594307822573,0.00044906165177597017,0.7604119487218962,1693.33530421621,674.8,276.0,60.0,2,2,2,0.9,0.9,0.9,1761297019
2024-11,base,0x439447dacc7b35a97f4be3628b3df60198e87d91,62,1,62,0,27,14,7,0,5,0,6,20,0,2577402,13.07,0.03368597865511858,57.041656913785985,0.0005433222363728804,0.9200267244159029,1693.33530421621,130.4,37.8,10.0,5,9,7,0.6,0.2,0.4,1761297019
2024-11,base,0xb01232c659ed72d8546d7ab37077154facac0f6c,48,21,48,1,14,11,7,1,3,0,5,16,0,1993344,14.467,0.02883673800747948,48.83026652649841,0.0006007653751558225,1.0172972193020502,1693.33530421621,99.2,38.2,6.0,10,10,10,0.1,0.1,0.1,1761297019
2024-11,base,0x61fe846add1f52c7bba55f328af7f7cf2b82dc9d,75,0,75,0,31,19,9,1,3,1,9,26,0,3086400,14.74,0.04549256663269541,77.03416915855148,0.0006065675551026054,1.0271222554473531,1693.33530421621,158.7,53.8,11.0,4,6,4,0.7,0.5,0.7,1761297019
2024-11,base,0x8539b4638c357605daf77d1c41f7bc90d6ee48ef,62,15,62,1,20,14,9,0,5,0,7,21,0,2367036,17.96,0.04251209600569246,71.98723302266797,0.0006856789678337493,1.1610844035914187,1693.33530421621,133.29999999999998,43.8,10.0,5,8,6,0.6,0.3,0.5,1761297019
2024-11,base,0x01bdaa13691ed7b345301de7ccd81f2d9983bdf5,398,142,398,6,139,88,70,7,30,6,48,30,1,16194620,10.445,0.16915838533398794,286.44186589025134,0.00042502106867836164,0.7197031806287723,1693.33530421621,840.8000000000001,343.6,90.0,1,1,1,1.0,1.0,1.0,1761297019
2024-11,base,0x527d831f4f3d5690f465d3c3e61db75e2635846c,61,24,61,0,23,16,12,1,2,2,7,23,0,2563952,18.383,0.04713316765638127,79.81225679209201,0.0007726748796128077,1.3083976523293772,1693.33530421621,143.2,59.2,14.0,7,4,5,0.4,0.7,0.6,1761297019
2024-11,base,0xb09540a4dd99d83750f2bee01c6434fa3c7714f5,82,17,82,0,26,19,12,0,6,0,7,30,0,3371758,13.533,0.045628851090198735,77.26494444185782,0.0005564494035390089,0.9422554200226564,1693.33530421621,173.5,58.8,12.0,3,5,3,0.8,0.6,0.8,1761297019
2024-12,base,0x38d9d7338843744c280decb3c3af2a1463eada5e,50,5,50,1,16,9,8,1,4,1,6,18,0,2042050,12.183,0.024877893710428832,45.05139959106467,0.0004975578742085767,0.9010279918212935,1810.9008791278457,114.1,38.8,13.0,10,9,10,0.1,0.2,0.1,1761297019
2024-12,base,0xe9d083cd21737a11a212f2df7c6417f3454e51a3,52,7,52,2,15,12,9,0,5,1,5,19,0,2027532,16.269,0.03298577041529353,59.73396064376434,0.0006343417387556448,1.1487300123800834,1810.9008791278457,120.6,41.4,15.0,9,8,9,0.2,0.3,0.2,1761297019
2024-12,base,0x96c5eb96c50852d1cde67e25e58f74a0104dc2a2,258,96,258,3,88,60,44,4,17,1,31,30,0,10875474,20.823,0.22645731333188063,410.09174779763265,0.000877741524542173,1.5895028984404367,1810.9008791278457,527.2,220.0,39.0,2,2,2,0.9,0.9,0.9,1761297019
2024-12,base,0x439447dacc7b35a97f4be3628b3df60198e87d91,65,0,65,0,24,13,8,0,4,0,7,22,0,2570295,5.22,0.013416837010328041,24.296561937118067,0.00020641287708196988,0.37379326057104717,1810.9008791278457,133.7,39.6,8.0,6,10,8,0.5,0.1,0.3,1761297019
2024-12,base,0xb01232c659ed72d8546d7ab37077154facac0f6c,63,7,63,0,23,15,11,1,5,0,7,24,0,2662002,16.976,0.04518886783357157,81.83256048660678,0.0007172836164058979,1.298929531533441,1810.9008791278457,142.5,55.0,10.0,7,6,6,0.4,0.5,0.5,1761297019
2024-12,base,0x61fe846add1f52c7bba55f328af7f7cf2b82dc9d,58,23,58,1,20,11,12,1,6,0,5,22,0,2665332,12.431,0.033132482259195295,59.99964125086451,0.0005712496941240569,1.0344765732907673,1810.9008791278457,134.8,53.2,12.0,8,7,7,0.3,0.4,0.4,1761297019
2024-12,base,0x8539b4638c357605daf77d1c41f7bc90d6ee48ef,77,0,77,1,26,17,11,1,5,2,9,28,0,2952103,18.447,0.054457206971459476,98.61660397946301,0.0007072364541747984,1.2807351166164027,1810.9008791278457,173.8,57.4,20.0,3,3,5,0.8,0.8,0.6,1761297019
2024-12,base,0x01bdaa13691ed7b345301de7ccd81f2d9983bdf5,474,78,474,7,166,104,86,9,38,5,56,30,0,18987492,27.033,0.5132817800856296,929.5024267973722,0.0010828729537671511,1.9609755839607008,1810.9008791278457,994.5,418.8,101.0,1,1,1,1.0,1.0,1.0,1761297019
2024-12,base,0x527d831f4f3d5690f465d3c3e61db75e2635846c,76,18,76,1,27,17,18,1,8,1,8,25,0,2974336,17.595,0.05233485226125171,94.77322996892664,0.000688616477121733,1.2470161838016665,1810.9008791278457,187.60000000000002,78.4,21.0,4,5,3,0.7,0.6,0.8,1761297019
2024-12,base,0xb09540a4dd99d83750f2bee01c6434fa3c7714f5,76,18,76,0,26,15,14,1,5,3,8,25,0,3384052,15.682,0.053070248716249144,96.104960055789,0.0006982927462664361,1.2645389481024867,1810.9008791278457,179.9,64.0,25.0,4,4,4,0.7,0.7,0.7,1761297019
2025-01,base,0x38d9d7338843744c280decb3c3af2a1463eada5e,37,10,37,0,10,6,7,0,0,0,5,13,0,1537017,22.506,0.03459178450785049,67.81000711556057,0.0009349130948067701,1.8327028950151505,1960.292250900537,74.0,28.2,0.0,10,8,10,0.1,0.3,0.1,1761297019
2025-01,base,0xe9d083cd21737a11a212f2df7c6417f3454e51a3,45,9,45,0,17,8,4,0,6,3,4,17,0,1872855,17.675,0.03310310886627141,64.8917677912687,0.0007356246414726979,1.4420392842504157,1960.292250900537,113.9,21.6,27.0,9,9,9,0.2,0.2,0.2,1761297019
2025-01,base,0x96c5eb96c50852d1cde67e25e58f74a0104dc2a2,374,34,374,4,132,82,66,8,30,5,43,30,0,17053652,15.391,0.2624723124860621,514.5224402423719,0.0007017976269680805,1.3757284498459141,1960.292250900537,790.0999999999999,328.4,85.0,2,1,2,0.9,1.0,0.9,1761297019
2025-01,base,0x439447dacc7b35a97f4be3628b3df60198e87d91,65,8,65,0,28,14,9,0,6,1,7,21,0,2572375,14.924,0.038390778323497465,75.2571452535924,0.0005906273588230379,1.1578022346706522,1960.292250900537,147.99999999999997,43.8,17.0,5,7,5,0.6,0.4,0.6,1761297019
2025-01,base,0xb01232c659ed72d8546d7ab37077154facac0f6c,61,8,61,1,19,12,12,1,4,0,6,23,0,2705289,19.952,0.053975837894541696,105.80841676053365,0.0008848498015498639,1.734564209189076,1960.292250900537,134.0,54.4,8.0,6,5,6,0.5,0.6,0.5,1761297019
2025-01,base,0x61fe846add1f52c7bba55f328af7f7cf2b82dc9d,53,26,53,0,22,11,9,1,7,0,5,20,0,2382562,16.43,0.03914541599738512,76.73645563795198,0.0007385927546676439,1.4478576535462637,1960.292250900537,126.7,44.2,14.0,8,6,8,0.3,0.5,0.3,1761297019
2025-01,base,0x8539b4638c357605daf77d1c41f7bc90d6ee48ef,60,24,60,0,17,13,11,2,5,0,7,20,0,2370240,11.383,0.026979496432054433,52.887697788954995,0.0004496582738675739,0.8814616298159166,1960.292250900537,133.5,56.6,10.0,7,10,7,0.4,0.1,0.4,1761297019
2025-01,base,0x01bdaa13691ed7b345301de7ccd81f2d9983bdf5,529,17,529,8,185,114,94,11,42,5,62,30,0,21403869,8.089,0.17313942625349282,339.40387561008697,0.0003272957018024439,0.6415952279963837,1960.292250900537,1097.6,462.79999999999995,109.0,1,2,1,1.0,0.9,1.0,1761297019
2025-01,base,0x527d831f4f3d5690f465d3c3e61db75e2635846c,94,1,94,1,32,15,16,2,9,0,12,30,0,3816118,21.423,0.08175243625510113,160.25866728311487,0.0008697067686712887,1.7048794391820732,1960.292250900537,210.3,74.0,18.0,3,3,3,0.8,0.8,0.8,1761297019
2025-01,base,0xb09540a4dd99d83750f2bee01c6434fa3c7714f5,70,30,70,0,17,16,12,1,4,0,9,23,0,3087840,18.082,0.055833831112746965,109.45062646840718,0.0007976261587535281,1.5635803781201025,1960.292250900537,148.8,59.2,8.0,4,4,4,0.7,0.7,0.7,1761297019
2025-02,base,0x38d9d7338843744c280decb3c3af2a1463eada5e,60,1,60,1,22,16,4,0,6,1,6,21,0,2518980,21.525,0.05422029496437366,115.22157005593141,0.000903671582739561,1.92035950093219,2125.063504941086,129.4,31.2,17.0,7,5,9,0.4,0.6,0.2,1761297019
2025-02,base,0xe9d083cd21737a11a212f2df7c6417f3454e51a3,54,2,54,1,20,8,14,1,5,1,6,20,0,2081862,21.825,0.045436059862741233,96.55451262262989,0.0008414085159766895,1.7880465300487016,2125.063504941086,135.7,55.6,15.0,9,6,8,0.2,0.5,0.3,1761297019
2025-02,base,0x96c5eb96c50852d1cde67e25e58f74a0104dc2a2,335,7,335,5,124,71,59,6,25,3,37,30,0,14199310,25.677,0.36459434696548365,774.7861408441771,0.0010883413342253243,2.3127944502811255,2125.063504941086,695.0,286.2,65.0,2,2,2,0.9,0.9,0.9,1761297019
2025-02,base,0x439447dacc7b35a97f4be3628b3df60198e87d91,52,10,52,0,22,11,9,1,4,1,6,20,0,2261012,27.172,0.06143606257643957,130.55553446846858,0.0011814627418546071,2.510683355162857,2125.063504941086,123.2,44.2,13.0,10,3,10,0.1,0.8,0.1,1761297019
2025-02,base,0xb01232c659ed72d8546d7ab37077154facac0f6c,59,13,59,1,21,14,10,0,7,2,4,19,0,2526144,11.489,0.029023990804753833,61.67782362692804,0.0004919320475382005,1.0453868411343736,2125.063504941086,142.8,46.8,24.0,8,8,7,0.3,0.3,0.4,1761297019
2025-02,base,0x61fe846add1f52c7bba55f328af7f7cf2b82dc9d,68,5,68,2,24,16,12,2,5,0,9,22,0,2623032,5.726,0.015019988688029295,31.918429805559,0.0002208821865886661,0.46938867361116177,2125.063504941086,150.9,63.2,10.0,6,10,6,0.5,0.1,0.5,1761297019
2025-02,base,0x8539b4638c357605daf77d1c41f7bc90d6ee48ef,85,0,85,1,32,20,13,2,4,0,10,28,0,3768730,10.074,0.037966476579052194,80.68117378934431,0.0004466644303417905,0.949190279874639,2125.063504941086,177.9,71.0,8.0,3,7,4,0.8,0.4,0.7,1761297019
2025-02,base,0x01bdaa13691ed7b345301de7ccd81f2d9983bdf5,468,42,468,8,164,100,87,10,38,6,55,30,0,19795932,21.597,0.4275324624995646,908.5336332354183,0.0009135309027768475,1.9413111821269622,2125.063504941086,991.1,421.0,106.0,1,1,1,1.0,1.0,1.0,1761297019
2025-02,base,0x527d831f4f3d5690f465d3c3e61db75e2635846c,84,17,84,1,26,21,14,1,8,0,9,30,0,3679620,16.213,0.05965824985070811,126.77756952639682,0.0007102172601274775,1.5092567800761525,2125.063504941086,188.8,71.2,16.0,4,4,3,0.7,0.7,0.8,1761297019
2025-02,base,0xb09540a4dd99d83750f2bee01c6434fa3c7714f5,71,24,71,1,24,14,11,1,7,0,6,23,0,3075294,6.196,0.01905382048050119,40.49057853281211,0.0002683636687394534,0.5702898384903113,2125.063504941086,153.79999999999998,53.8,14.0,5,9,5,0.6,0.2,0.6,1761297019
2025-03,base,0x38d9d7338843744c280decb3c3af2a1463eada5e,52,3,52,0,13,11,7,0,4,0,5,20,0,2219412,17.406,0.038630787489535634,88.35153206659736,0.0007428997594141468,1.6990679243576414,2287.07561528561,109.10000000000001,34.2,8.0,8,8,9,0.3,0.3,0.2,1761297019
2025-03,base,0xe9d083cd21737a11a212f2df7c6417f3454e51a3,42,15,42,0,12,8,6,0,0,0,4,15,0,1794996,21.55,0.0386818913474808,88.46841045395077,0.000920997413035257,2.106390725094066,2287.07561528561,78.5,27.6,0.0,10,7,10,0.1,0.4,0.1,1761297019
2025-03,base,0x96c5eb96c50852d1cde67e25e58f74a0104dc2a2,303,75,303,4,103,66,49,5,22,3,37,30,0,11636109,26.534,0.30875744603430216,706.1516258629152,0.0010190014720604032,2.3305334186894893,2287.07561528561,624.1,246.2,59.0,2,1,2,0.9,1.0,0.9,1761297019
2025-03,base,0x439447dacc7b35a97f4be3628b3df60198e87d91,52,24,52,0,18,11,11,0,7,0,5,20,0,2309892,20.978,0.04845621364904177,110.82302464579318,0.0009318502624815725,2.1312120124190996,2287.07561528561,128.1,46.2,14.0,8,4,8,0.3,0.7,0.3,1761297019
2025-03,base,0xb01232c659ed72d8546d7ab37077154facac0f6c,57,25,57,1,20,17,11,1,5,0,6,21,0,2477448,13.325,0.03301091501020586,75.49845875810755,0.0005791388598281729,1.3245343641773253,2287.07561528561,132.0,57.4,10.0,7,9,7,0.4,0.2,0.4,1761297019
2025-03,base,0x61fe846add1f52c7bba55f328af7f7cf2b82dc9d,84,1,84,0,31,17,15,2,5,0,8,29,0,3257016,15.227,0.04959440742701409,113.42615988086348,0.0005904096122263582,1.3503114271531367,2287.07561528561,180.50000000000003,73.4,10.0,3,3,4,0.8,0.8,0.7,1761297019
2025-03,base,0x8539b4638c357605daf77d1c41f7bc90d6ee48ef,72,6,72,1,23,15,15,1,4,0,8,25,0,2822904,11.462,0.032355878557792955,74.0003408606708,0.0004493872021915688,1.0277825119537611,2287.07561528561,158.2,67.0,8.0,6,10,6,0.5,0.1,0.5,1761297019
2025-03,base,0x01bdaa13691ed7b345301de7ccd81f2d9983bdf5,407,109,407,6,136,87,72,9,32,5,49,30,0,16694326,16.536,0.27604944743608956,631.3459598441473,0.0006782541706046426,1.5512185745556444,2287.07561528561,852.6999999999999,356.4,89.0,1,2,1,1.0,0.9,1.0,1761297019
2025-03,base,0x527d831f4f3d5690f465d3c3e61db75e2635846c,75,13,75,1,30,14,12,1,5,1,10,25,0,3149550,13.26,0.041761884465493844,95.5125876094059,0.0005568251262065846,1.273501168125412,2287.07561528561,168.6,56.8,15.0,5,6,5,0.6,0.5,0.6,1761297019
2025-03,base,0xb09540a4dd99d83750f2bee01c6434fa3c7714f5,78,23,78,1,28,18,15,2,6,1,10,26,0,3286296,12.993,0.04269784470408443,97.65319944796333,0.0005474082654369799,1.2519640954867093,2287.07561528561,182.09999999999997,74.6,17.0,4,5,3,0.7,0.6,0.8,1761297019
2025-04,base,0x38d9d7338843744c280decb3c3af2a1463eada5e,58,1,58,0,20,15,9,1,6,1,7,19,0,2491622,14.931,0.03720244717741845,90.34589369013253,0.0006414215030589388,1.5576878222436643,2428.4932993593948,136.8,49.0,17.0,8,9,7,0.3,0.2,0.4,1761297019
2025-04,base,0xe9d083cd21737a11a212f2df7c6417f3454e51a3,42,16,42,0,20,8,6,1,4,0,6,14,0,1731156,15.125,0.026184011167170153,63.587695669824285,0.0006234288373135751,1.5139927540434353,2428.4932993593948,96.0,31.6,8.0,10,10,10,0.1,0.1,0.1,1761297019
2025-04,base,0x96c5eb96c50852d1cde67e25e58f74a0104dc2a2,409,17,409,6,140,90,74,8,30,2,49,30,0,17725651,13.564,0.24043839111811438,583.9030217390942,0.000587868926939155,1.4276357499733356,2428.4932993593948,840.5,362.0,70.0,1,1,2,1.0,1.0,0.9,1761297019
2025-04,base,0x439447dacc7b35a97f4be3628b3df60198e87d91,62,3,62,0,27,12,7,1,1,0,5,21,0,2739346,20.198,0.05532887345595043,134.3657984488795,0.0008924011847733941,2.1671902975625725,2428.4932993593948,116.8,39.4,2.0,7,6,9,0.4,0.5,0.2,1761297019
2025-04,base,0xb01232c659ed72d8546d7ab37077154facac0f6c,53,21,53,1,23,13,12,1,4,0,5,17,0,2193087,18.347,0.04023613580462873,97.7131861936555,0.0007591723736722402,1.843645022521802,2428.4932993593948,122.30000000000001,55.6,8.0,9,8,8,0.2,0.3,0.3,1761297019
2025-04,base,0x61fe846add1f52c7bba55f328af7f7cf2b82dc9d,78,6,78,2,29,15,13,1,9,1,8,28,0,3094572,20.84,0.06449086198302931,156.6156261956982,0.0008268059228593501,2.0078926435345923,2428.4932993593948,184.2,61.0,23.0,3,3,3,0.8,0.8,0.8,1761297019
2025-04,base,0x8539b4638c357605daf77d1c41f7bc90d6ee48ef,68,23,68,2,24,15,12,2,6,1,8,22,0,3044360,19.565,0.059562864209118035,144.64801662249667,0.0008759244736635005,2.1271767150367156,2428.4932993593948,157.0,62.0,17.0,6,5,5,0.5,0.6,0.6,1761297019
2025-04,base,0x01bdaa13691ed7b345301de7ccd81f2d9983bdf5,401,133,401,6,137,87,68,8,34,5,49,30,0,16509972,11.513,0.19007163290496354,461.5876869080026,0.0004739940970198592,1.151091488548635,2428.4932993593948,845.0999999999999,340.4,93.0,2,2,1,0.9,0.9,1.0,1761297019
2025-04,base,0x527d831f4f3d5690f465d3c3e61db75e2635846c,71,26,71,0,24,14,9,1,7,0,8,24,0,2966025,20.652,0.061254019925779696,148.75497694858285,0.0008627326750109816,2.0951405204025755,2428.4932993593948,154.0,47.8,14.0,5,4,6,0.6,0.7,0.5,1761297019
2025-04,base,0xb09540a4dd99d83750f2bee01c6434fa3c7714f5,76,29,76,2,31,15,16,1,4,0,8,28,0,3337388,15.788,0.05269011755723853,127.95759743021257,0.0006932910204899807,1.6836525977659549,2428.4932993593948,169.0,70.0,8.0,4,7,4,0.7,0.4,0.7,1761297019
2025-05,base,0x38d9d7338843744c280decb3c3af2a1463eada5e,47,10,47,0,13,9,10,1,3,0,5,18,0,2113355,15.56,0.03288479192692917,83.32179007388967,0.0006996764239772164,1.7728040441253121,2533.748434809403,104.89999999999999,44.8,6.0,10,7,10,0.1,0.4,0.1,1761297019
2025-05,base,0xe9d083cd21737a11a212f2df7c6417f3454e51a3,48,17,48,0,13,11,11,0,6,0,8,16,0,1918944,11.866,0.02277010214030297,57.69371065844289,0.0004743771279229786,1.201952305384227,2533.748434809403,120.80000000000001,46.2,12.0,9,9,9,0.2,0.2,0.2,1761297019
2025-05,base,0x96c5eb96c50852d1cde67e25e58f74a0104dc2a2,320,64,320,3,110,68,57,6,26,2,37,30,0,12589760,16.594,0.2089142596310398,529.3361783495124,0.0006528570613469994,1.654175557342226,2533.748434809403,668.2,276.6,62.0,2,2,2,0.9,0.9,0.9,1761297019
2025-05,base,0x439447dacc7b35a97f4be3628b3df60198e87d91,58,9,58,1,19,11,11,1,4,0,7,22,0,2288216,18.543,0.04243107052443351,107.50965852857081,0.0007315701814557502,1.853614802216738,2533.748434809403,129.4,50.2,8.0,8,5,8,0.3,0.6,0.3,1761297019
2025-05,base,0xb01232c659ed72d8546d7ab37077154facac0f6c,82,2,82,1,30,15,16,1,9,1,9,30,0,3442032,6.451,0.02220518683004159,56.262357375268245,0.0002707949613419706,0.6861263094544908,2533.748434809403,198.0,70.0,23.0,3,10,3,0.8,0.1,0.8,1761297019
2025-05,base,0x61fe846add1f52c7bba55f328af7f7cf2b82dc9d,59,23,59,0,17,13,13,1,4,0,7,20,0,2550098,10.44,0.026622458855235547,67.4546134552308,0.000451228116190433,1.1432985331395051,2533.748434809403,133.5,58.6,8.0,7,8,7,0.4,0.3,0.4,1761297019
2025-05,base,0x8539b4638c357605daf77d1c41f7bc90d6ee48ef,79,1,79,1,31,17,15,0,6,0,9,26,0,3562821,10.299,0.03669337133389633,92.97177218514004,0.0004644730548594472,1.1768578757612664,2533.748434809403,177.4,65.4,12.0,4,6,4,0.7,0.5,0.7,1761297019
2025-05,base,0x01bdaa13691ed7b345301de7ccd81f2d9983bdf5,442,122,442,6,154,97,81,8,35,5,54,30,0,17561986,14.146,0.24843972308914358,629.483759521599,0.0005620808214686507,1.424171401632577,2533.748434809403,933.4,391.4,95.0,1,1,1,1.0,1.0,1.0,1761297019
2025-05,base,0x527d831f4f3d5690f465d3c3e61db75e2635846c,68,30,68,0,23,18,9,0,9,0,7,24,0,2924952,14.824,0.04336021022941907,109.86386480179723,0.0006376501504326334,1.6156450706146652,2533.748434809403,156.7,48.599999999999994,18.0,5,4,5,0.6,0.7,0.6,1761297019
2025-05,base,0xb09540a4dd99d83750f2bee01c6434fa3c7714f5,67,33,67,0,27,16,10,0,3,1,9,25,0,2644490,19.749,0.05222557754496686,132.32647536157688,0.0007794862320144307,1.975022020322043,2533.748434809403,149.20000000000002,49.2,11.0,6,3,6,0.5,0.8,0.5,1761297019
2025-06,base,0x38d9d7338843744c280decb3c3af2a1463eada5e,57,0,57,1,18,13,12,0,1,0,7,21,0,2475681,7.915,0.01959551767620123,50.776961473471,0.00034378101186317947,0.8908238854994912,2591.2538934931868,121.10000000000001,51.6,2.0,9,10,9,0.2,0.1,0.2,1761297019
2025-06,base,0xe9d083cd21737a11a212f2df7c6417f3454e51a3,52,17,52,1,20,13,5,1,3,0,7,17,0,2319772,15.181,0.035216875083261164,91.25586467616368,0.0006772475977550224,1.7549204745416094,2591.2538934931868,106.10000000000001,34.6,6.0,10,7,10,0.1,0.4,0.1,1761297019
2025-06,base,0x96c5eb96c50852d1cde67e25e58f74a0104dc2a2,371,37,371,6,137,84,67,6,30,4,43,30,0,15842442,16.472,0.2609622488307155,676.2194433373294,0.0007034022879534111,1.8226939173512922,2591.2538934931868,785.9,325.8,80.0,2,1,2,0.9,1.0,0.9,1761297019
2025-06,base,0x439447dacc7b35a97f4be3628b3df60198e87d91,67,9,67,1,23,13,15,1,4,0,7,25,0,2777351,14.712,0.04086148220343346,105.88247485354952,0.0006098728687079621,1.580335445575366,2591.2538934931868,150.89999999999998,64.6,8.0,6,6,7,0.5,0.5,0.4,1761297019
2025-06,base,0xb01232c659ed72d8546d7ab37077154facac0f6c,67,7,67,0,21,13,13,0,4,1,8,25,0,2879057,9.12,0.026256376069655037,68.03693671951496,0.0003918862099948513,1.0154766674554472,2591.2538934931868,153.1,54.6,13.0,6,8,6,0.5,0.3,0.5,1761297019
2025-06,base,0x61fe846add1f52c7bba55f328af7f7cf2b82dc9d,83,6,83,1,27,15,14,1,5,0,10,28,0,3372456,17.495,0.05899973758595668,152.88329973468657,0.0007108402118789961,1.8419674666829708,2591.2538934931868,176.9,64.0,10.0,4,4,4,0.7,0.7,0.7,1761297019
2025-06,base,0x8539b4638c357605daf77d1c41f7bc90d6ee48ef,60,28,60,1,17,9,14,2,4,0,9,22,0,2322420,11.022,0.025596665516890254,66.32745918108466,0.0004266110919481709,1.1054576530180777,2591.2538934931868,138.8,60.8,8.0,8,9,8,0.3,0.2,0.3,1761297019
2025-06,base,0x01bdaa13691ed7b345301de7ccd81f2d9983bdf5,485,79,485,7,169,106,89,9,39,6,59,30,0,18653100,10.774,0.20096264406148065,520.7452338709971,0.0004143559671370735,1.0737015131360765,2591.2538934931868,1026.0,430.2,108.0,1,2,1,1.0,0.9,1.0,1761297019
2025-06,base,0x527d831f4f3d5690f465d3c3e61db75e2635846c,99,5,99,2,32,24,17,2,9,2,12,30,1,4323330,16.631,0.07190054889342963,186.31257726439677,0.0007262681706407034,1.8819452248928965,2591.2538934931868,232.4,87.8,28.0,3,3,3,0.8,0.8,0.8,1761297019
2025-06,base,0xb09540a4dd99d83750f2bee01c6434fa3c7714f5,75,22,75,2,23,14,11,3,3,1,7,27,0,2974575,18.861,0.056104089985142803,145.3799416148934,0.0007480545331352374,1.938399221531912,2591.2538934931868,154.2,61.8,11.0,5,5,5,0.6,0.6,0.6,1761297019
2025-07,base,0x38d9d7338843744c280decb3c3af2a1463eada5e,43,8,43,0,13,6,7,0,1,0,4,17,0,1692007,20.469,0.034633680673570075,89.86328820715586,0.0008054344342690715,2.0898439117943224,2594.679123311691,85.50000000000001,28.2,2.0,8,8,9,0.3,0.3,0.2,1761297019
2025-07,base,0xe9d083cd21737a11a212f2df7c6417f3454e51a3,39,14,39,0,17,7,8,0,3,0,4,13,0,1586949,12.684,0.020129069398003685,52.228476138692386,0.000516129984564197,1.3391916958639074,2594.679123311691,88.69999999999999,32.4,6.0,10,10,8,0.1,0.1,0.3,1761297019
2025-07,base,0x96c5eb96c50852d1cde67e25e58f74a0104dc2a2,239,115,239,3,80,51,41,5,21,3,27,30,0,9432374,16.206,0.15286011076630526,396.6229381924449,0.0006395820534155032,1.659510201642029,2594.679123311691,511.4,204.2,57.0,2,2,2,0.9,0.9,0.9,1761297019
2025-07,base,0x439447dacc7b35a97f4be3628b3df60198e87d91,40,18,40,1,14,8,6,1,0,0,2,16,0,1609000,25.155,0.04047402725304657,105.01711354982837,0.0010118506813261642,2.625427838745709,2594.679123311691,74.5,31.6,0.0,9,6,10,0.2,0.5,0.1,1761297019
2025-07,base,0xb01232c659ed72d8546d7ab37077154facac0f6c,66,5,66,1,25,13,9,0,3,0,8,25,0,2797806,14.442,0.04040536260929436,104.83895083217486,0.0006122024637771873,1.5884689520026494,2594.679123311691,137.2,42.6,6.0,5,7,7,0.6,0.4,0.4,1761297019
2025-07,base,0x61fe846add1f52c7bba55f328af7f7cf2b82dc9d,62,4,62,0,24,10,9,0,7,2,8,21,0,2740090,22.326,0.06117470057516555,158.72871845722577,0.0009866887189542831,2.560140620277835,2594.679123311691,151.29999999999998,39.0,24.0,6,4,5,0.5,0.7,0.6,1761297019
2025-07,base,0x8539b4638c357605daf77d1c41f7bc90d6ee48ef,60,21,60,1,20,14,14,1,4,0,8,20,0,2323920,14.359,0.033370106478325154,86.58471862199849,0.0005561684413054192,1.4430786436999747,2594.679123311691,139.1,62.8,8.0,7,9,6,0.4,0.2,0.5,1761297019
2025-07,base,0x01bdaa13691ed7b345301de7ccd81f2d9983bdf5,361,119,361,5,119,83,65,7,26,4,42,30,0,14809303,16.142,0.23904634475468517,620.2485602389507,0.0006621782403176874,1.7181400560635756,2594.679123311691,751.3000000000001,322.6,72.0,1,1,1,1.0,1.0,1.0,1761297019
2025-07,base,0x527d831f4f3d5690f465d3c3e61db75e2635846c,79,6,79,1,31,17,14,2,4,2,9,26,0,3586126,12.079,0.04331576685229021,112.39051596187396,0.0005483008462315216,1.4226647590110628,2594.679123311691,179.4,70.4,18.0,3,5,3,0.8,0.6,0.8,1761297019
2025-07,base,0xb09540a4dd99d83750f2bee01c6434fa3c7714f5,70,19,70,2,22,15,15,1,10,1,7,26,0,2937480,23.93,0.07029395266683995,182.39025147970978,0.0010041993238119992,2.605575021138711,2594.679123311691,177.5,67.0,25.0,4,3,4,0.7,0.8,0.7,1761297019
2025-08,base,0x38d9d7338843744c280decb3c3af2a1463eada5e,44,4,44,2,19,8,7,2,4,2,4,16,0,1736020,14.329,0.024876118622185587,63.276065849454724,0.0005653663323223997,1.4380924056694255,2543.6470540473474,107.0,38.6,18.0,9,9,9,0.2,0.2,0.2,1761297019
2025-08,base,0xe9d083cd21737a11a212f2df7c6417f3454e51a3,36,17,36,1,14,3,5,0,6,0,5,15,0,1444968,14.234,0.020567358845536225,52.31610173698287,0.0005713155234871173,1.4532250482495241,2543.6470540473474,88.3,18.6,12.0,10,10,10,0.1,0.1,0.1,1761297019
2025-08,base,0x96c5eb96c50852d1cde67e25e58f74a0104dc2a2,244,86,244,4,85,54,42,5,21,2,27,30,0,11154704,12.189,0.1359649139963754,345.8467529406812,0.0005572332540835057,1.4174047251667263,2543.6470540473474,516.1,210.8,52.0,2,2,2,0.9,0.9,0.9,1761297019
2025-08,base,0x439447dacc7b35a97f4be3628b3df60198e87d91,52,8,52,1,18,11,7,1,5,0,6,19,0,2113852,18.434,0.03896694379764304,99.11815179610328,0.0007493643038008277,1.9061183037712168,2543.6470540473474,114.4,38.2,10.0,8,6,8,0.3,0.5,0.3,1761297019
2025-08,base,0xb01232c659ed72d8546d7ab37077154facac0f6c,59,6,59,0,20,11,13,1,3,0,6,22,0,2369676,18.614,0.0441096675579836,112.19942593887284,0.0007476214840336203,1.9016851854046244,2543.6470540473474,130.8,56.2,6.0,6,4,7,0.5,0.7,0.4,1761297019
2025-08,base,0x61fe846add1f52c7bba55f328af7f7cf2b82dc9d,70,8,70,0,28,14,10,1,7,0,7,23,0,2898980,14.421,0.04180634297713181,106.34058115427433,0.000597233471101883,1.5191511593467761,2543.6470540473474,154.39999999999998,50.8,14.0,3,5,3,0.8,0.6,0.8,1761297019
2025-08,base,0x8539b4638c357605daf77d1c41f7bc90d6ee48ef,57,18,57,0,20,13,9,1,9,1,7,20,0,2620176,17.039,0.04464453164927093,113.55993140899156,0.0007832373973556304,1.9922794984033607,2543.6470540473474,144.7,46.6,23.0,7,3,5,0.4,0.8,0.6,1761297019
2025-08,base,0x01bdaa13691ed7b345301de7ccd81f2d9983bdf5,344,112,344,4,122,73,61,6,30,3,42,30,0,13584216,13.388,0.18186463945177897,462.59945437690055,0.0005286762774761016,1.3447658557468039,2543.6470540473474,731.0,294.6,75.0,1,1,1,1.0,1.0,1.0,1761297019
2025-08,base,0x527d831f4f3d5690f465d3c3e61db75e2635846c,64,28,64,0,24,16,11,1,2,0,7,21,0,2481216,10.331,0.02563380195696082,65.20334483185653,0.0004005281555775128,1.0188022629977582,2543.6470540473474,133.20000000000002,56.2,4.0,4,8,6,0.7,0.3,0.5,1761297019
2025-08,base,0xb09540a4dd99d83750f2bee01c6434fa3c7714f5,60,30,60,0,19,14,8,0,8,1,8,22,0,2282040,16.659,0.03801648641187886,96.70052366680667,0.0006336081068646477,1.6116753944467779,2543.6470540473474,145.6,40.8,21.0,5,7,4,0.6,0.4,0.7,1761297019
2025-09,base,0x38d9d7338843744c280decb3c3af2a1463eada5e,45,9,45,0,13,10,11,1,4,1,6,16,0,1780200,9.756,0.017368142022090662,42.44384182216272,0.0003859587116020147,0.9431964849369493,2443.7756075565308,113.4,49.0,13.0,9,10,9,0.2,0.1,0.2,1761297019
2025-09,base,0xe9d083cd21737a11a212f2df7c6417f3454e51a3,39,11,39,0,14,8,7,1,4,1,5,16,0,1767987,12.652,0.02236785170513455,54.662010390449566,0.0005735346591060141,1.4015900100115273,2443.7756075565308,97.5,34.6,13.0,10,9,10,0.1,0.2,0.1,1761297019
2025-09,base,0x96c5eb96c50852d1cde67e25e58f74a0104dc2a2,318,0,318,6,109,71,59,6,24,2,40,30,1,12456378,17.276,0.21519597226279952,525.8906678602413,0.0006767168939081745,1.6537442385542178,2443.7756075565308,670.0,286.2,58.0,2,2,2,0.9,0.9,0.9,1761297019
2025-09,base,0x439447dacc7b35a97f4be3628b3df60198e87d91,52,6,52,0,19,11,12,1,5,0,5,18,0,2057016,12.118,0.02492615459424143,60.91392858759036,0.00047934912681233516,1.171421703607507,2443.7756075565308,123.1,53.2,10.0,8,8,7,0.3,0.3,0.4,1761297019
2025-09,base,0xb01232c659ed72d8546d7ab37077154facac0f6c,63,2,63,1,21,14,11,1,2,0,8,23,0,2556288,12.902,0.03298067839118539,80.59737737304562,0.0005235028316061173,1.2793234503658035,2443.7756075565308,132.6,53.8,4.0,6,6,6,0.5,0.5,0.5,1761297019
2025-09,base,0x61fe846add1f52c7bba55f328af7f7cf2b82dc9d,70,8,70,1,20,16,14,1,7,1,6,25,0,2969680,17.9,0.05315761795359343,129.90529011080073,0.0007593945421941918,1.8557898587257249,2443.7756075565308,164.4,65.2,19.0,5,4,5,0.6,0.7,0.6,1761297019
2025-09,base,0x8539b4638c357605daf77d1c41f7bc90d6ee48ef,56,20,56,0,15,10,11,0,3,1,5,18,0,2341696,11.891,0.027844693868718084,68.04618367625214,0.0004972266762271086,1.2151104227902167,2443.7756075565308,122.1,45.0,11.0,7,7,8,0.4,0.4,0.3,1761297019
2025-09,base,0x01bdaa13691ed7b345301de7ccd81f2d9983bdf5,407,139,407,6,138,91,70,8,32,5,48,30,0,18135106,21.522,0.39031236779287826,953.8358437398691,0.0009589984466655486,2.3435770116458703,2443.7756075565308,849.6,351.2,89.0,1,1,1,1.0,1.0,1.0,1761297019
2025-09,base,0x527d831f4f3d5690f465d3c3e61db75e2635846c,93,3,93,0,31,20,18,1,8,1,11,30,0,3847224,18.332,0.0705259402209228,172.34957241188118,0.000758343443235729,1.8532212087299051,2443.7756075565308,215.9,82.0,21.0,3,3,3,0.8,0.8,0.8,1761297019
2025-09,base,0xb09540a4dd99d83750f2bee01c6434fa3c7714f5,73,23,73,0,29,12,15,1,10,2,6,24,0,2789403,15.686,0.043755319057488626,106.92818141354411,0.0005993879322943647,1.464769608404714,2443.7756075565308,185.20000000000002,63.4,30.0,4,5,4,0.7,0.6,0.7,1761297019
2025-10,base,0x38d9d7338843744c280decb3c3af2a1463eada5e,38,18,38,0,9,6,5,1,4,0,5,15,0,1728810,19.706,0.034068636657906874,78.56429444845861,0.0008965430699449178,2.067481432854174,2306.059242620878,84.0,26.2,8.0,10,10,10,0.1,0.1,0.1,1761297019
2025-10,base,0xe9d083cd21737a11a212f2df7c6417f3454e51a3,54,1,54,0,15,12,10,1,6,0,6,18,0,2398140,16.929,0.040598526668656064,93.62260766104453,0.0007518245679380753,1.7337519937230468,2306.059242620878,124.39999999999999,48.4,12.0,9,6,8,0.2,0.5,0.3,1761297019
2025-10,base,0x96c5eb96c50852d1cde67e25e58f74a0104dc2a2,232,92,232,3,81,49,41,4,15,3,29,30,0,9467920,10.539,0.09978324550863424,230.10607556389422,0.0004301001961579062,0.9918365326029923,2306.059242620878,489.0,197.8,45.0,2,2,2,0.9,0.9,0.9,1761297019
2025-10,base,0x439447dacc7b35a97f4be3628b3df60198e87d91,59,12,59,0,25,12,5,1,3,0,6,19,0,2520244,14.114,0.03557081360235046,82.02840347524473,0.0006028951458025501,1.3903119233092327,2306.059242620878,115.1,33.4,6.0,8,9,9,0.3,0.2,0.2,1761297019
2025-10,base,0xb01232c659ed72d8546d7ab37077154facac0f6c,68,2,68,1,20,18,10,1,7,0,8,22,0,2946780,21.045,0.06201645559823647,143.01362062690052,0.0009120066999740657,2.1031414798073604,2306.059242620878,151.1,55.599999999999994,14.0,6,4,6,0.5,0.7,0.5,1761297019
2025-10,base,0x61fe846add1f52c7bba55f328af7f7cf2b82dc9d,64,16,64,1,25,13,11,1,4,0,8,23,0,2450560,15.695,0.03846248199527462,88.69676209934215,0.0006009762811761659,1.3858869078022211,2306.059242620878,140.79999999999998,52.6,8.0,7,8,7,0.4,0.3,0.4,1761297019
2025-10,base,0x8539b4638c357605daf77d1c41f7bc90d6ee48ef,72,11,72,1,25,22,14,1,6,2,9,26,0,3056688,13.78,0.042122663973892124,97.13735858080743,0.0005850369996373906,1.349129980288992,2306.059242620878,178.0,72.4,22.0,4,5,4,0.7,0.6,0.7,1761297019
2025-10,base,0x01bdaa13691ed7b345301de7ccd81f2d9983bdf5,378,174,378,6,134,82,70,7,29,4,44,30,0,17166870,14.434,0.24779055520386803,571.4197000620388,0.0006555305693224022,1.5116923282064518,2306.059242620878,795.4,336.4,78.0,1,1,1,1.0,1.0,1.0,1761297019
2025-10,base,0x527d831f4f3d5690f465d3c3e61db75e2635846c,70,20,70,1,26,14,13,1,7,1,8,24,0,2800910,14.013,0.039247984761814035,90.50817801422464,0.0005606854965973433,1.2929739716317805,2306.059242620878,166.3,59.8,19.0,5,7,5,0.6,0.4,0.6,1761297019
2025-10,base,0xb09540a4dd99d83750f2bee01c6434fa3c7714f5,98,4,98,2,33,20,15,1,7,1,12,30,0,4390596,14.838,0.06514838264130653,150.2360299317865,0.0006647794147072094,1.5330207135896583,2306.059242620878,213.2,73.0,19.0,3,3,3,0.8,0.8,0.8,1761297019
